farm_name,work_type,recruitment_count,total_wage,work_period,duration_days,work_time,wage_male,wage_female,avg_daily_wage,wage_hourly,region,season,employ_id,area
노석호 농장,"상추수확, 복숭아 수확 및 선별 등(상추, 복숭아)",총 1명 / 남 : 0명 / 여 : 1명,"남 0 원 / 여 110,000 원",2025-07-22 ~ 2025-07-22,1,07:00 ~ 16:00,0원,"110,000원","110,000원",12222원,[55949] 전북특별자치도 임실군 오수면 오암1길 87 (오암리),여름,vCGUVSX_Cxb687e33db,370
최진수 농장,"복숭아 선별, 상차 등(복숭아)",총 6명 / 남 : 1명 / 여 : 5명,"남 110,000 원 / 여 110,000 원",2025-07-22 ~ 2025-07-23,2,07:00 ~ 16:00,"110,000원","110,000원","110,000원",12222원,[55944] 전북특별자치도 임실군 삼계면 오지리 59-1,여름,YIKW5uVNpEJ687e32f9,1917
김서욱 농장,수확 및 선별(복숭아),총 3명 / 남 : 2명 / 여 : 1명,"남 120,000 원 / 여 120,000 원",2025-07-22 ~ 2025-07-24,3,07:00 ~ 16:00,"120,000원","120,000원","120,000원",13333원,[55949] 전북특별자치도 임실군 오수면 오암리 395-1,여름,duBGTIKPLCo687df46c,3541
이영숙(한표농장),적과작업(사과),총 3명 / 남 : 2명 / 여 : 1명,"남 100,000 원 / 여 100,000 원",2025-07-22 ~ 2025-07-28,7,08:00 ~ 17:00,"100,000원","100,000원","100,000원",11111원,[55607] 전북특별자치도 장수군 천천면 송탄4길 14-2 (집) 천천면 장판리 292-2,여름,9TSQ1JC9BeS687de3f3,25790
오재동 농가,수박순집기(수박),총 0명 / 남 : 0명 / 여 : 0명,남 0 원 / 여 0 원,2025-07-22 ~ 2025-07-22,1,08:00 ~ 17:00,0원,0원,0원,계산불가,[56456] 전북특별자치도 고창군 무장면 강남덕산길 10 (강남리),여름,lvnCD3wv1XN687dd64f,365
최성태 농가,수확(양배추),총 1명 / 남 : 0명 / 여 : 1명,"남 0 원 / 여 110,000 원",2025-07-22 ~ 2025-07-22,1,08:00 ~ 17:00,0원,"110,000원","110,000원",12222원,[55914] 전북특별자치도 임실군 관촌면 병암3길 32 (병암리),여름,7ixfYz_TALq687dd594,1471
최화순농가,고추따기 작업(고추),총 0명 / 남 : 0명 / 여 : 0명,남 0 원 / 여 0 원,2025-07-22 ~ 2025-07-23,2,08:00 ~ 17:00,0원,0원,0원,계산불가,[56411] 전북특별자치도 고창군 흥덕면 후포후동길 14-20 (후포리) 후포리 628-1,여름,7YjJj-CBmL6687dd470,3968
고광종 농가,복분자 가지치기(복분자),총 7명 / 남 : 0명 / 여 : 7명,"남 0 원 / 여 100,000 원",2025-07-22 ~ 2025-07-22,1,08:00 ~ 17:00,0원,"100,000원","100,000원",11111원,[55403] 전북특별자치도 진안군 주천면 구봉산길 10-16 (운봉리),여름,Qiy9tlKXHTq687dcafe,469
이양봉 농장,고추수확(고추),총 9명 / 남 : 0명 / 여 : 9명,"남 0 원 / 여 100,000 원",2025-07-22 ~ 2025-07-22,1,07:00 ~ 16:00,0원,"100,000원","100,000원",11111원,[55943] 전북특별자치도 임실군 덕치면 물우리 386,여름,nW52vnJY9Cy687d98ed,599
이강필 농장,"복숭아 수확 및 상차, 순치기 작업 등(복숭아)",총 6명 / 남 : 2명 / 여 : 4명,"남 110,000 원 / 여 110,000 원",2025-07-22 ~ 2025-07-23,2,06:00 ~ 15:00,"110,000원","110,000원","110,000원",12222원,[55957] 전북특별자치도 임실군 오수면 둔기길 136 (둔기리),여름,j1-raZXdk9s687d7eb2,3300
차원무 농가,상추 수확(상추),총 1명 / 남 : 0명 / 여 : 1명,"남 0 원 / 여 110,000 원",2025-07-22 ~ 2025-07-25,4,08:00 ~ 17:00,0원,"110,000원","110,000원",12222원,[55946] 전북특별자치도 임실군 삼계면 해곡로 84-35 (삼계리),여름,gyexq3YarPL687cf8fc,3688
심형순 농장,블루베리 수확 및 포장(블루베리),총 3명 / 남 : 0명 / 여 : 3명,"남 0 원 / 여 100,000 원",2025-07-22 ~ 2025-07-23,2,05:00 ~ 14:00,0원,"100,000원","100,000원",11111원,[55919] 전북특별자치도 임실군 성수면 월평리 455,여름,oCWKnz1x8j6687cf314,1223
김후남 농장,수확 및 상차(복숭아),총 1명 / 남 : 1명 / 여 : 0명,"남 110,000 원 / 여 0 원",2025-07-22 ~ 2025-07-24,3,06:00 ~ 15:00,"110,000원",0원,"110,000원",12222원,[55949] 전북특별자치도 임실군 오수면 오암리 1063,여름,WLPYA_LZrx-687cf280,2188
전혜자 농장,상추 수확 및 상차(상추),총 2명 / 남 : 1명 / 여 : 1명,"남 110,000 원 / 여 110,000 원",2025-07-22 ~ 2025-07-25,4,07:00 ~ 16:00,"110,000원","110,000원","110,000원",12222원,[55948] 전북특별자치도 임실군 오수면 군평길 28 (군평리),여름,Kdw5IWj9-02687cf1d1,1960.6
장영자 농장,"고추수확 등(고추, 감자, 양파)",총 4명 / 남 : 1명 / 여 : 3명,"남 110,000 원 / 여 110,000 원",2025-07-22 ~ 2025-07-25,4,07:00 ~ 16:00,"110,000원","110,000원","110,000원",12222원,[55919] 전북특별자치도 임실군 성수면 월평리 211-2,여름,_crXllI2f2T687cf13a,2410
이방진 농가,"순치기, 제초(사과, 고추)",총 2명 / 남 : 0명 / 여 : 2명,"남 110,000 원 / 여 110,000 원",2025-07-22 ~ 2025-07-24,3,08:00 ~ 17:00,"110,000원","110,000원","110,000원",12222원,[55907] 전북특별자치도 임실군 관촌면 신전3길 41 (신전리),여름,17DvUMKDqtc687c762e,441
전현철농장,고추따기(고추),총 0명 / 남 : 0명 / 여 : 0명,남 0 원 / 여 0 원,2025-07-23 ~ 2025-07-23,1,08:00 ~ 17:00,0원,0원,0원,계산불가,[56458] 전북 고창군 무장면 동학농민군로 416 (만화리) 축동정류장(난천교회) 부근(무장면만화리 351),여름,nnV_MoxjiHT687da41b,2261
이윤종 농장,고추수확 등(고추),총 2명 / 남 : 0명 / 여 : 2명,"남 0 원 / 여 130,000 원",2025-07-24 ~ 2025-07-24,1,08:00 ~ 17:00,0원,"130,000원","130,000원",14444원,[55939] 전북특별자치도 임실군 강진면 회진리 121,여름,gDXCUqwTkdc687dcf72,1100
이형선농가,수확(상추),총 4명 / 남 : 0명 / 여 : 4명,"남 0 원 / 여 100,000 원",2025-07-24 ~ 2025-07-24,1,06:00 ~ 15:00,0원,"100,000원","100,000원",11111원,[55400] 전북특별자치도 진안군 주천면 대불리 1325,여름,5x9P13uHpNU687dcb49,615
손갑용 농가,고추수확(고추),총 3명 / 남 : 0명 / 여 : 3명,"남 0 원 / 여 100,000 원",2025-07-30 ~ 2025-07-31,2,08:00 ~ 17:00,0원,"100,000원","100,000원",11111원,[55458] 전북특별자치도 진안군 성수면 좌포리 1417,여름,E-_p8jpAAGv687da682,6021
김영대 농가(샘물농장),"깻잎 모종 심기, 운반 작업(깻잎)",총 1명 / 남 : 1명 / 여 : 0명,"남 90,000 원 / 여 90,000 원",2025-07-26 ~ 2025-07-26,1,05:00 ~ 14:00,"90,000원","90,000원","90,000원",10000원,[55312] 완주군 고산면 남봉신기길 110 (남봉리),여름,7cmY3FCGnnW687df6f6,1560
강애숙농가,새싹삼심기(인삼),총 3명 / 남 : 0명 / 여 : 3명,"남 90,000 원 / 여 90,000 원",2025-07-25 ~ 2025-07-26,2,08:00 ~ 17:00,"90,000원","90,000원","90,000원",10000원,[55414] 전북특별자치도 진안군 부귀면 노래재로 69-7 (황금리),여름,3FZqTnYcHw7687d9c37,514
김경복농가,인삼밭메기(인삼),총 4명 / 남 : 0명 / 여 : 4명,"남 0 원 / 여 110,000 원",2025-07-24 ~ 2025-07-25,2,07:00 ~ 16:00,0원,"110,000원","110,000원",12222원,"[55440] 전북특별자치도 진안군 진안읍 임진로 2755-5 (연장리, 자연한의원) 진안읍 연장리 988",여름,Sn09f7hcn22687da342,2403
구정우,수확(사과(썸머킹)),총 1명 / 남 : 1명 / 여 : 0명,"남 120,000 원 / 여 0 원",2025-07-22 ~ 2025-07-22,1,08:00 ~ 17:00,"120,000원",0원,"120,000원",13333원,무풍면 현내리 455,여름,IQ14J8XbNoO687e00fa,2246
김진문,유인작업(복분자),총 6명 / 남 : 0명 / 여 : 6명,"남 0 원 / 여 100,000 원",2025-07-22 ~ 2025-07-23,2,08:00 ~ 17:00,0원,"100,000원","100,000원",11111원,[00000] 무주군 적상면 삼유리 574-3,여름,AJingvoKszA687e00a0,2453
유종희 농가(조경수),"풀매기 , 나무 심기(조경수)",총 1명 / 남 : 0명 / 여 : 1명,"남 0 원 / 여 100,000 원",2025-07-22 ~ 2025-07-25,4,06:00 ~ 17:00,0원,"100,000원","100,000원",9090원,[55355] 완주군 소양면 명덕리 1139-3 (실주소지:소양면 명덕리 1140),여름,_-kf6NN1zBn687dfabc,478
최옥란 농가(조경수),풀매기 및 꽃나무 심기(조경수),총 3명 / 남 : 0명 / 여 : 3명,"남 0 원 / 여 100,000 원",2025-07-22 ~ 2025-07-26,5,07:00 ~ 17:30,0원,"100,000원","100,000원",9523원,[55346] 완주군 소양면 곰티로 21 (화심리) (화심리 동상로 31-9),여름,O9nJWb65a64687df8db,1593
"오미나 농가(꽃나무,회양목)","잡초제거 , 예초기(꽃나무, 회양목)",총 4명 / 남 : 1명 / 여 : 3명,"남 140,000 원 / 여 120,000 원",2025-07-22 ~ 2025-07-24,3,08:00 ~ 17:00,"140,000원","120,000원","130,000원",14444원,[55309] 완주군 화산면 종리 1142-13,여름,dkDvJWZusLK687df666,12522
현순복,수확(옥수수),총 2명 / 남 : 1명 / 여 : 1명,"남 110,000 원 / 여 100,000 원",2025-07-22 ~ 2025-07-22,1,08:00 ~ 17:00,"110,000원","100,000원","105,000원",11666원,무풍면 지성리 941-1,여름,z6GHymZmFB3687de9d2,118
이양례 농가(딸기농장),하우스 관리 및 육묘장(딸기),총 1명 / 남 : 0명 / 여 : 1명,"남 0 원 / 여 100,000 원",2025-07-22 ~ 2025-07-24,3,05:30 ~ 14:30,0원,"100,000원","100,000원",11111원,[55335] 완주군 삼례읍 상신길 20-18 (신탁리)  / (농장) 신금리 205-10 / 농장위치 :  삼레읍 신수로 99 맞은편 샛길로 쭉 들어가면 나오는 고속도로 밑 비닐하우스 8개동 (네이버 도로명주소 : 완주군 삼례읍 신금리 205-10),여름,JIXh7PkdJMA687ddf28,3964
송재덕(백두농원),"포도 봉지 씌우기(사과, 포도)",총 1명 / 남 : 0명 / 여 : 1명,"남 100,000 원 / 여 100,000 원",2025-07-22 ~ 2025-07-22,1,08:00 ~ 17:00,"100,000원","100,000원","100,000원",11111원,[55621] 전북특별자치도 장수군 장계면 의암로 320-22 (집) 계남면 신전리 175/신전리 337,여름,Zr9thJNsp3R687dd11b,3557
최봉진(봉진농장),"오이 밭 작업(사과, 호박, 브로콜리, 오이)",총 1명 / 남 : 0명 / 여 : 1명,"남 110,000 원 / 여 110,000 원",2025-07-22 ~ 2025-07-28,7,08:00 ~ 17:00,"110,000원","110,000원","110,000원",12222원,[55642] 전북특별자치도 장수군 장수읍 안양1길 11 (집) 장수읍 용계리 1509,여름,Ot67O2EGxLx687dd0b6,5031
권명오,수확(블루베리),총 3명 / 남 : 3명 / 여 : 0명,"남 120,000 원 / 여 0 원",2025-07-22 ~ 2025-07-24,3,08:00 ~ 17:00,"120,000원",0원,"120,000원",13333원,설천면 장덕리 224,여름,UcdzuQSUGhG687dc7cf,1704
라남구,"가지유인,봉지(포도)",총 2명 / 남 : 1명 / 여 : 1명,"남 100,000 원 / 여 100,000 원",2025-07-22 ~ 2025-07-25,4,08:00 ~ 17:00,"100,000원","100,000원","100,000원",11111원,설천면 길산리 694,여름,bPRGOCJTG_-687dc747,2442
김영대 농가(샘물농장),"깻잎 모종 심기, 운반 작업(깻잎)",총 1명 / 남 : 1명 / 여 : 0명,"남 90,000 원 / 여 90,000 원",2025-07-22 ~ 2025-07-22,1,05:00 ~ 14:00,"90,000원","90,000원","90,000원",10000원,[55312] 완주군 고산면 남봉신기길 110 (남봉리),여름,9l6G9BN0593687da0b8,1560
박영숙,수확(블루베리),총 1명 / 남 : 1명 / 여 : 0명,"남 100,000 원 / 여 0 원",2025-07-22 ~ 2025-07-24,3,08:00 ~ 17:00,"100,000원",0원,"100,000원",11111원,안성면 덕유산로 108-13,여름,7QnSP615p-L687d9d0d,3765
우현근,가지 유인작업(복분자),총 1명 / 남 : 0명 / 여 : 1명,"남 0 원 / 여 100,000 원",2025-07-22 ~ 2025-07-24,3,08:00 ~ 17:00,0원,"100,000원","100,000원",11111원,적상면 삼유리 1891-1,여름,fBouGrV_AN-687d9bc2,3551
이태일,수확(블루베리),총 1명 / 남 : 0명 / 여 : 1명,"남 0 원 / 여 100,000 원",2025-07-22 ~ 2025-07-23,2,08:00 ~ 17:00,0원,"100,000원","100,000원",11111원,무풍면 금평리 2033-24,여름,Xpk5SwdoJ74687d871f,15008
송점선,가지유인(복분자),총 4명 / 남 : 0명 / 여 : 4명,"남 0 원 / 여 100,000 원",2025-07-22 ~ 2025-07-23,2,08:00 ~ 17:00,0원,"100,000원","100,000원",11111원,적상면 삼유리 1129,여름,x7lhbleZCLw687d852d,256
신용기 농가,가지따기(가지),총 3명 / 남 : 0명 / 여 : 3명,"남 0 원 / 여 100,000 원",2025-07-22 ~ 2025-07-22,1,06:00 ~ 16:00,0원,"100,000원","100,000원",10000원,[55403] 전북특별자치도 진안군 주천면 운봉리 238,여름,8e-H7HBnmUX687c3720,3571
경태호농가,상추따기(상추),총 4명 / 남 : 0명 / 여 : 4명,"남 100,000 원 / 여 100,000 원",2025-07-22 ~ 2025-07-22,1,07:00 ~ 16:00,"100,000원","100,000원","100,000원",11111원,[55460] 전북특별자치도 진안군 성수면 가외반로 174 (좌산리),여름,pUK8zBXwhhu687c20e5,555
최귀환 농가(삼일농원),풀매기(철쭉),총 6명 / 남 : 0명 / 여 : 6명,"남 180,000 원 / 여 100,000 원",2025-07-22 ~ 2025-07-23,2,07:00 ~ 17:00,"180,000원","100,000원","140,000원",14000원,"[55352] 완주군 용진읍 운곡4로 20 (운곡리, 모아미래도 센트럴시티 1차 아파트) 107동 703호 / (농장)봉동읍 성덕리 1174-2",여름,yOCwVg9eh14687afdbb,651
서경오 농가,사과 수확(사과),총 3명 / 남 : 0명 / 여 : 3명,"남 110,000 원 / 여 100,000 원",2025-07-22 ~ 2025-07-22,1,07:00 ~ 17:30,"110,000원","100,000원","105,000원",10000원,[55414] 전북특별자치도 진안군 부귀면 가치길 17-41 (황금리),여름,-1hnLMwcJ396879f101,3966
전쌍순,가지유인(사과),총 2명 / 남 : 0명 / 여 : 2명,"남 0 원 / 여 110,000 원",2025-07-22 ~ 2025-07-25,4,08:00 ~ 17:00,0원,"110,000원","110,000원",12222원,무풍면 지성리 438-5,여름,lRAm202Siih6879dff9,9839
유낙희 농가(조경수),철쭉 삽목(철쭉),총 8명 / 남 : 0명 / 여 : 8명,"남 0 원 / 여 100,000 원",2025-07-22 ~ 2025-07-24,3,08:00 ~ 17:00,0원,"100,000원","100,000원",11111원,[55357] 완주군 소양면 신교안길 15-12 (신교리),여름,B9hJx6MM9dq687999e0,777
이명숙 농가(딸기농장),"딸기 하우스 관리(토마토, 딸기)",총 1명 / 남 : 0명 / 여 : 1명,"남 120,000 원 / 여 100,000 원",2025-07-21 ~ 2025-07-23,3,07:00 ~ 17:00,"120,000원","100,000원","110,000원",11000원,[55335] 완주군 삼례읍 만경강로 17-5 (하리),여름,fxvS6_v1H6A687dd848,1838
김봉순 농가,수확(고추),총 1명 / 남 : 0명 / 여 : 1명,"남 0 원 / 여 100,000 원",2025-07-21 ~ 2025-07-21,1,08:00 ~ 17:00,0원,"100,000원","100,000원",11111원,줄포면 줄포길 1길 9,여름,E2GD1cpNhrh687dd3b3,95.4
이현옥 농가,수확(고추),총 6명 / 남 : 0명 / 여 : 6명,"남 0 원 / 여 120,000 원",2025-07-21 ~ 2025-07-21,1,08:00 ~ 17:00,0원,"120,000원","120,000원",13333원,[56328] 전북특별자치도 부안군 보안면 보안로 505 (부곡리),여름,_8ISfRyrWPK687dd2ba,783
김창호농가,수확(블루베리),총 3명 / 남 : 3명 / 여 : 0명,"남 130,000 원 / 여 0 원",2025-07-21 ~ 2025-07-21,1,08:00 ~ 17:00,"130,000원",0원,"130,000원",14444원,[56335] 전북특별자치도 부안군 상서면 지석안길 7-12 (용서리) 1496011,여름,8efIV1TnE_M687dd265,714
이영범 농가(꽃나무),꽃나무 풀매기(꽃나무),총 6명 / 남 : 0명 / 여 : 6명,"남 0 원 / 여 100,000 원",2025-07-21 ~ 2025-07-26,6,08:00 ~ 18:00,0원,"100,000원","100,000원",10000원,[55355] 완주군 소양면 신지송광로 619-20 (명덕리)/ 소양로 264-17 / 황운리 233,여름,dmpk60q6YpT687dbd07,12949
배호성(호성농원),"포도 봉지씌우기(사과, 포도)",총 2명 / 남 : 0명 / 여 : 2명,"남 130,000 원 / 여 130,000 원",2025-07-21 ~ 2025-07-22,2,07:00 ~ 17:00,"130,000원","130,000원","130,000원",13000원,"[55603] 전북특별자치도 장수군 계북면 매계압곡길 19 (매계리) 계남면 궁양리 1074 , 계북면 매계리 493, 계북면 매계압곡길19(작업장)",여름,8DbDytCQvF6687daef2,4693
박규남 농가(조경수농장),육묘 관리(조경수),총 11명 / 남 : 1명 / 여 : 10명,"남 150,000 원 / 여 93,000 원",2025-07-21 ~ 2025-07-23,3,07:00 ~ 17:00,"150,000원","93,000원","121,500원",12150원,[55335] 완주군 삼례읍 석전리88-14 / 봉동읍 구암리 401-3 / 소양면 명덕리 736-1,여름,2aCUuNPEfJz687da22e,9885
김귀연 농가(옥성농원),조경수 하우스 작업(조경수),총 1명 / 남 : 1명 / 여 : 0명,"남 150,000 원 / 여 100,000 원",2025-07-21 ~ 2025-07-23,3,08:00 ~ 17:00,"150,000원","100,000원","125,000원",13888원,완주군 삼례읍 삼례나들목로 142-73,여름,yLBflJW90CC687da191,519
정승환 농가(조경수),조경수 풀매기(조경수),총 6명 / 남 : 0명 / 여 : 6명,"남 0 원 / 여 100,000 원",2025-07-21 ~ 2025-07-23,3,08:00 ~ 17:00,0원,"100,000원","100,000원",11111원,[55357] 완주군 소양면 신교안길 18-3 (신교리) 원신교,여름,C7AeG4HvI-j687da109,334
윤정구 농가(블루베리농장),"가지치기, 블루베리 수확(블루베리)",총 3명 / 남 : 0명 / 여 : 3명,"남 100,000 원 / 여 90,000 원",2025-07-21 ~ 2025-07-23,3,07:00 ~ 17:00,"100,000원","90,000원","95,000원",9500원,[55302] 완주군 경천면 죽림길 30-6 (경천리),여름,_4NaGR4Azea687da039,649
유인옥 농가(조경수),하우스 관리(조경수),총 1명 / 남 : 0명 / 여 : 1명,"남 0 원 / 여 100,000 원",2025-07-21 ~ 2025-07-23,3,06:30 ~ 17:00,0원,"100,000원","100,000원",9523원,[55355] 완주군 소양면 명덕리 1138-3 (실주소지: 소양면 명덕리 1137-1),여름,gSAiyA3fvHT687da011,408
정성식 농가,고추따기(고추),총 5명 / 남 : 1명 / 여 : 4명,"남 130,000 원 / 여 130,000 원",2025-07-21 ~ 2025-07-21,1,08:00 ~ 17:00,"130,000원","130,000원","130,000원",14444원,[56324] 전북특별자치도 부안군 줄포면 파산신성길 62 (파산리),여름,vL7mUEAY0mS687d9c52,143
이경준농가,선별작업(마늘),총 1명 / 남 : 0명 / 여 : 1명,"남 0 원 / 여 130,000 원",2025-07-21 ~ 2025-07-21,1,08:00 ~ 17:00,0원,"130,000원","130,000원",14444원,[56324] 전북특별자치도 부안군 줄포면 목상길 22-4 (난산리) (1541316),여름,I2nhxdRdmp6687d9970,529
김재순(나태농원),적과작업(사과),총 4명 / 남 : 1명 / 여 : 3명,"남 120,000 원 / 여 120,000 원",2025-07-21 ~ 2025-07-25,5,08:00 ~ 17:00,"120,000원","120,000원","120,000원",13333원,[55605] 전북특별자치도 장수군 천천면 오봉리 296,여름,g4oGkvjGeUM687d8501,6802
조종현 농장,조경수 관리(조경수),총 2명 / 남 : 1명 / 여 : 1명,"남 120,000 원 / 여 120,000 원",2025-07-21 ~ 2025-07-22,2,08:00 ~ 17:00,"120,000원","120,000원","120,000원",13333원,[55911] 전북특별자치도 임실군 신평면 가덕로 697 (호암리),여름,45Jfv5vZlG2687d7b6a,284
최화순농가,"참깨 속는 작업, 복분자 전지작업(복분자, 참깨)",총 0명 / 남 : 0명 / 여 : 0명,남 0 원 / 여 0 원,2025-07-21 ~ 2025-07-21,1,08:00 ~ 17:00,0원,0원,0원,계산불가,[56411] 전북특별자치도 고창군 흥덕면 후포후동길 14-20 (후포리) 후포리 628-1,여름,7QeKAi-10Jd687d0358,3968
강병근 농가,작업(인삼),총 5명 / 남 : 0명 / 여 : 5명,남 0 원 / 여 0 원,2025-07-21 ~ 2025-07-21,1,08:00 ~ 17:00,0원,0원,0원,계산불가,[56465] 전북특별자치도 고창군 성송면 선동길 35 (계당리),여름,#NAME?,999
송재덕(백두농원),"포도 봉지 씌우기(사과, 포도)",총 0명 / 남 : 0명 / 여 : 0명,"남 100,000 원 / 여 100,000 원",2025-07-21 ~ 2025-07-21,1,08:00 ~ 17:00,"100,000원","100,000원","100,000원",11111원,[55621] 전북특별자치도 장수군 장계면 의암로 320-22 (집) 계남면 신전리 175/신전리 337,여름,081SgFoaIdP687cdba7,3557
오정숙 농장,"들깨 심기(콩, 고추,깨)",총 1명 / 남 : 1명 / 여 : 0명,"남 110,000 원 / 여 0 원",2025-07-21 ~ 2025-07-22,2,08:00 ~ 17:00,"110,000원",0원,"110,000원",12222원,[55928] 전북특별자치도 임실군 임실읍 현곡리 177-3,여름,26d7f3IAh14687cafcc,8318
박철순 농장,"고추수확 및 선별, 세척 등(고추)",총 3명 / 남 : 0명 / 여 : 3명,"남 0 원 / 여 110,000 원",2025-07-21 ~ 2025-07-23,3,08:00 ~ 17:00,0원,"110,000원","110,000원",12222원,[55942] 전북특별자치도 임실군 덕치면 사곡리988-4,여름,RhfeBQ_V_ez687caf73,2988
박영이 농장,"배 봉지 싸기 등(배, 참깨)",총 1명 / 남 : 0명 / 여 : 1명,"남 0 원 / 여 110,000 원",2025-07-21 ~ 2025-07-25,5,07:00 ~ 17:00,0원,"110,000원","110,000원",11000원,[55905] 전북특별자치도 임실군 운암면 선거2길 13-1 (선거리),여름,6mkItM8BA_P687c962a,345
김경복농가,고추 줄 치기(고추),총 4명 / 남 : 0명 / 여 : 4명,"남 0 원 / 여 110,000 원",2025-07-21 ~ 2025-07-22,2,07:00 ~ 16:00,0원,"110,000원","110,000원",12222원,[55440] 전북특별자치도 진안군 부귀면 신정리 953-172 진안읍 연장리 988,여름,nm34h7BnsBQ687c895a,3631
강애숙농가,새싹삼심기(인삼),총 3명 / 남 : 1명 / 여 : 2명,"남 90,000 원 / 여 90,000 원",2025-07-21 ~ 2025-07-22,2,08:00 ~ 17:00,"90,000원","90,000원","90,000원",10000원,[55414] 전북특별자치도 진안군 부귀면 노래재로 69-7 (황금리),여름,Kqb9GPEZrIS687c2d19,514
박용귀(은미농장),포도 봉지씌우기(포도),총 0명 / 남 : 0명 / 여 : 0명,"남 110,000 원 / 여 110,000 원",2025-07-21 ~ 2025-07-21,1,08:00 ~ 17:00,"110,000원","110,000원","110,000원",12222원,[55619] 전북특별자치도 장수군 장계면 남산길 106-11 (집+과수) 계남면 침곡리 807-2,여름,e8QrPE8ivP_687b2756,7074
손갑용 농가,고추수확(고추),총 4명 / 남 : 0명 / 여 : 4명,"남 0 원 / 여 100,000 원",2025-07-21 ~ 2025-07-21,1,08:00 ~ 17:00,0원,"100,000원","100,000원",11111원,[55458] 전북특별자치도 진안군 성수면 좌포리 1417,여름,WLxTXdJceMn687af1a8,6021
서병인(하우스농장),"시금치,상추, 샐러리 수확 및 포장(시금치/상추/샐러리)",총 1명 / 남 : 0명 / 여 : 1명,"남 100,000 원 / 여 100,000 원",2025-07-21 ~ 2025-07-26,6,08:00 ~ 17:00,"100,000원","100,000원","100,000원",11111원,[55645] 전북특별자치도 장수군 장수읍 대성리 753-6,여름,H2c3ZP4MOIk687a0975,8717
이형선농가,수확(상추),총 3명 / 남 : 0명 / 여 : 3명,"남 0 원 / 여 100,000 원",2025-07-21 ~ 2025-07-21,1,06:00 ~ 15:00,0원,"100,000원","100,000원",11111원,[55400] 전북특별자치도 진안군 주천면 대불리 1325,여름,KbYoWIUYJoI6879f16b,615
박호규,수확(두릅),총 2명 / 남 : 0명 / 여 : 2명,"남 0 원 / 여 100,000 원",2025-07-21 ~ 2025-07-23,3,08:00 ~ 17:00,0원,"100,000원","100,000원",11111원,설천면 청량리 122,여름,Zyk0o4devDb6879e49f,1696
김영길5560,가지 유인작업(복분자),총 4명 / 남 : 0명 / 여 : 4명,"남 0 원 / 여 100,000 원",2025-07-21 ~ 2025-07-22,2,08:00 ~ 17:00,0원,"100,000원","100,000원",11111원,적상면 사산리 1149-3,여름,bFKVE16Hamp6879e1b4,1173
임삼채,수확(옥수수),총 3명 / 남 : 0명 / 여 : 3명,"남 0 원 / 여 100,000 원",2025-07-21 ~ 2025-07-24,4,08:00 ~ 17:00,0원,"100,000원","100,000원",11111원,"적상면 사산리 105, 120, 275, 531",여름,cW7kh2YrAjx68798fbe,5675
선수진,수확(블루베리),총 3명 / 남 : 1명 / 여 : 2명,"남 110,000 원 / 여 110,000 원",2025-07-21 ~ 2025-07-24,4,08:00 ~ 17:00,"110,000원","110,000원","110,000원",12222원,안성면 안성로 81-11,여름,OWM-tsSuOMn68798e5f,840
임소형,밭 정리(포도),총 1명 / 남 : 1명 / 여 : 0명,"남 120,000 원 / 여 0 원",2025-07-21 ~ 2025-07-24,4,08:00 ~ 17:00,"120,000원",0원,"120,000원",13333원,무풍면 증산리 1170,여름,0eJcjBeN9wa687987b5,1964
유성림,정비(하우스),총 1명 / 남 : 1명 / 여 : 0명,"남 150,000 원 / 여 0 원",2025-07-21 ~ 2025-07-23,3,08:00 ~ 17:00,"150,000원",0원,"150,000원",16666원,무풍면 철목리 553-5,여름,NwH17sIHNTb68798718,1044
이대옥,수확(블루베리),총 2명 / 남 : 0명 / 여 : 2명,"남 0 원 / 여 100,000 원",2025-07-21 ~ 2025-07-24,4,08:00 ~ 17:00,0원,"100,000원","100,000원",11111원,무주읍 오산리 24-1,여름,STYP_aUHwDk687880a9,5775
유상근,밭정비(블루베리),총 2명 / 남 : 1명 / 여 : 1명,"남 120,000 원 / 여 100,000 원",2025-07-21 ~ 2025-07-23,3,08:00 ~ 17:00,"120,000원","100,000원","110,000원",12222원,부남면 부남로 216-41,여름,1EOTHfjGQ5F68783d5b,1468
하금숙 농가(한솔조경),풀매기(조경수),총 10명 / 남 : 0명 / 여 : 10명,"남 180,000 원 / 여 100,000 원",2025-07-21 ~ 2025-07-26,6,07:00 ~ 17:00,"180,000원","100,000원","140,000원",14000원,[55346] 완주군 소양면 전진로 1048-7 (화심리),여름,7T579noeHpU68773a80,152
송은주 농가,"수확, 재배(고추, 호박)",총 1명 / 남 : 0명 / 여 : 1명,"남 0 원 / 여 90,000 원",2025-07-20 ~ 2025-07-20,1,08:00 ~ 17:00,0원,"90,000원","90,000원",10000원,[56310] 전북특별자치도 부안군 부안읍 서문로 2-1 (서외리),여름,MZ_CBz7Bg8R687d8724,719
장현하 농가,"재배, 수확(콩, 취나물, 감자, 마늘, 양파, 고추)",총 1명 / 남 : 0명 / 여 : 1명,"남 100,000 원 / 여 90,000 원",2025-07-20 ~ 2025-07-21,2,08:00 ~ 17:00,"100,000원","90,000원","95,000원",10555원,"[56315] 전북특별자치도 부안군 부안읍 진성길 9 (봉덕리, 부안진성아파트 2단지)",여름,Hg5b5sW-RWo687d86a5,1889
이현옥 농가,수확확(고추),총 5명 / 남 : 0명 / 여 : 5명,"남 0 원 / 여 120,000 원",2025-07-20 ~ 2025-07-20,1,08:00 ~ 17:00,0원,"120,000원","120,000원",13333원,[56328] 전북특별자치도 부안군 보안면 보안로 505 (부곡리),여름,Mf6owyK6vUn687d8644,783
고광종 농가,복분자 가지치기(복분자),총 5명 / 남 : 0명 / 여 : 5명,"남 0 원 / 여 100,000 원",2025-07-20 ~ 2025-07-21,2,08:00 ~ 17:00,0원,"100,000원","100,000원",11111원,[55403] 전북특별자치도 진안군 주천면 운봉리 895-5,여름,0Pj2ljsD1oO687c3c87,79762
백창수농가,순집기(수박),총 4명 / 남 : 0명 / 여 : 4명,"남 0 원 / 여 90,000 원",2025-07-20 ~ 2025-07-21,2,08:00 ~ 17:00,0원,"90,000원","90,000원",10000원,[56419] 전북 고창군 성내면 부덕길 76-8 (부덕리),여름,V6u5gtZ7Y3N687bae62,831
정성식 농가,고추따기(고추),총 10명 / 남 : 1명 / 여 : 9명,"남 140,000 원 / 여 130,000 원",2025-07-20 ~ 2025-07-20,1,08:00 ~ 17:00,"140,000원","130,000원","135,000원",15000원,[56324] 전북특별자치도 부안군 줄포면 파산신성길 62 (파산리),여름,llP6IsHwXEI687b3306,143
유복순농가,작업(고추),총 2명 / 남 : 2명 / 여 : 0명,"남 120,000 원 / 여 100,000 원",2025-07-20 ~ 2025-07-21,2,08:00 ~ 17:00,"120,000원","100,000원","110,000원",12222원,전북 고창군 성내면 옥제리 광주동길 37,여름,XTS8WhWtDDi687a42f6,831
경태호농가,상추따기(상추),총 3명 / 남 : 0명 / 여 : 3명,"남 100,000 원 / 여 100,000 원",2025-07-20 ~ 2025-07-21,2,07:00 ~ 16:00,"100,000원","100,000원","100,000원",11111원,[55460] 전북특별자치도 진안군 성수면 가외반로 174 (좌산리),여름,So6w52vfcZ46879fa5e,555
이강필 농장,"복숭아 수확 및 상차, 순치기 작업 등(복숭아)",총 6명 / 남 : 2명 / 여 : 4명,"남 110,000 원 / 여 110,000 원",2025-07-20 ~ 2025-07-20,1,06:00 ~ 15:00,"110,000원","110,000원","110,000원",12222원,[55957] 전북특별자치도 임실군 오수면 둔기길 136 (둔기리),여름,lusT0rgDlvv6879e97d,3300
최화순농가,"참깨 속는 작업, 복분자 전지작업(복분자, 참깨)",총 0명 / 남 : 0명 / 여 : 0명,남 0 원 / 여 0 원,2025-07-20 ~ 2025-07-20,1,08:00 ~ 17:00,0원,0원,0원,계산불가,[56411] 전북특별자치도 고창군 흥덕면 후포후동길 14-20 (후포리) 후포리 628-1,여름,tMErzCw_vpa6879db94,3968
김주신 농가,복분자 나무 올리는 작업(복분자),총 0명 / 남 : 0명 / 여 : 0명,남 0 원 / 여 0 원,2025-07-20 ~ 2025-07-20,1,08:00 ~ 17:00,0원,0원,0원,계산불가,[56459] 전북특별자치도 고창군 공음면 이심다옥길 100 (석교리),여름,D4XDhetAYtc6879d96a,631
강애숙농가,새싹삼심기(인삼),총 3명 / 남 : 0명 / 여 : 3명,"남 90,000 원 / 여 90,000 원",2025-07-20 ~ 2025-07-20,1,08:00 ~ 17:00,"90,000원","90,000원","90,000원",10000원,[55414] 전북특별자치도 진안군 부귀면 노래재로 69-7 (황금리),여름,rAEU-shSL-g687995fb,514
김동훈 농장,블루베리 수확 및 선별(블루베리),총 4명 / 남 : 0명 / 여 : 4명,"남 0 원 / 여 110,000 원",2025-07-20 ~ 2025-07-23,4,05:00 ~ 14:00,0원,"110,000원","110,000원",12222원,[55920] 전북특별자치도 임실군 지사면 안하2길 16-65 (안하리),여름,baDQI2vQHB568799028,580
정상국 농장,"제초, 순치기(복숭아)",총 1명 / 남 : 1명 / 여 : 0명,"남 110,000 원 / 여 110,000 원",2025-07-20 ~ 2025-07-20,1,07:00 ~ 16:00,"110,000원","110,000원","110,000원",12222원,[55909] 전북특별자치도 임실군 관촌면 관진로 151-7 (덕천리),여름,jc5HTyl_XP068798fa7,344
황동욱 농가,밭이랑 부직포 작업(드릅),총 1명 / 남 : 1명 / 여 : 0명,"남 130,000 원 / 여 110,000 원",2025-07-20 ~ 2025-07-20,1,08:00 ~ 17:00,"130,000원","110,000원","120,000원",13333원,[55448] 전북특별자치도 진안군 마령면 산237,여름,ZaPuMP7rcSg6878b773,21451
신용기 농가,가지따기(가지),총 3명 / 남 : 0명 / 여 : 3명,"남 0 원 / 여 100,000 원",2025-07-20 ~ 2025-07-20,1,06:00 ~ 16:00,0원,"100,000원","100,000원",10000원,[55403] 전북특별자치도 진안군 주천면 운봉리 238,여름,ANWz3tvxu7P68784f5f,3571
선홍규 농가,고추따기(고추),총 7명 / 남 : 0명 / 여 : 7명,"남 0 원 / 여 120,000 원",2025-07-19 ~ 2025-07-20,2,08:00 ~ 17:00,0원,"120,000원","120,000원",13333원,[56332] 전북특별자치도 부안군 하서면 백련길 43-29 (백련리),여름,ao7WVP7LTHz687dc5ab,526
이민열농가,양파선별(양파),총 2명 / 남 : 0명 / 여 : 2명,"남 0 원 / 여 130,000 원",2025-07-19 ~ 2025-07-19,1,08:00 ~ 17:00,0원,"130,000원","130,000원",14444원,[56302] 전북특별자치도 부안군 동진면 내동길 28-1 (증산리),여름,aFJ-XHfzW1_687b33b1,274
김귀연 농가(옥성농원),조경수 하우스 작업(조경수),총 1명 / 남 : 1명 / 여 : 0명,"남 150,000 원 / 여 100,000 원",2025-07-19 ~ 2025-07-19,1,08:00 ~ 17:00,"150,000원","100,000원","125,000원",13888원,완주군 삼례읍 삼례나들목로 142-73,여름,ZcLIkHL8H2g687af8af,519
김화자 농가,"상추심기, 마늘 준비작업(상추, 마늘)",총 3명 / 남 : 0명 / 여 : 3명,"남 0 원 / 여 100,000 원",2025-07-19 ~ 2025-07-20,2,08:00 ~ 17:00,0원,"100,000원","100,000원",11111원,"[55421] 전북특별자치도 진안군 진안읍 구룡리 374-2,1022-5",여름,NHK8UQdRozl6879f3bf,3267
김순기농가,메론심기(메론),총 0명 / 남 : 0명 / 여 : 0명,남 0 원 / 여 0 원,2025-07-19 ~ 2025-07-19,1,08:00 ~ 17:00,0원,0원,0원,계산불가,[56446] 전북특별자치도 고창군 고수면 오산길 22-10 (장두리),여름,7_gTLBDnGHS68799295,459
이옥자,유인(복분자),총 1명 / 남 : 1명 / 여 : 0명,"남 120,000 원 / 여 0 원",2025-07-19 ~ 2025-07-22,4,08:00 ~ 17:00,"120,000원",0원,"120,000원",13333원,적상면 삼유리 1952-2,여름,gqNxQsIVhKb6879917f,1717
차원무 농가,상추 수확(상추),총 1명 / 남 : 0명 / 여 : 1명,"남 0 원 / 여 110,000 원",2025-07-19 ~ 2025-07-20,2,08:00 ~ 17:00,0원,"110,000원","110,000원",12222원,[55946] 전북특별자치도 임실군 삼계면 해곡로 84-35 (삼계리),여름,w2E4-CjlemX68798b64,3688
손갑용 농가,마늘심기 전 작업(마늘),총 3명 / 남 : 0명 / 여 : 3명,"남 0 원 / 여 100,000 원",2025-07-19 ~ 2025-07-19,1,07:00 ~ 18:00,0원,"100,000원","100,000원",9090원,[55458] 전북특별자치도 진안군 성수면 좌포리 1417,여름,bnZcGvdyyNM68783f42,6021
이민열농가,양파선별(양파),총 2명 / 남 : 0명 / 여 : 2명,"남 0 원 / 여 120,000 원",2025-07-18 ~ 2025-07-18,1,08:00 ~ 17:00,0원,"120,000원","120,000원",13333원,[56302] 전북특별자치도 부안군 동진면 내동길 28-1 (증산리),여름,eZHuO-gBCAW687af5ca,274
이윤성 농가,참깨심기(참깨),총 7명 / 남 : 0명 / 여 : 7명,"남 0 원 / 여 130,000 원",2025-07-18 ~ 2025-07-18,1,08:00 ~ 17:00,0원,"130,000원","130,000원",14444원,[56320] 전북특별자치도 부안군 부안읍 외하안길 25 (외하리),여름,mO6x4ijuT-1687af508,374
이명숙 농가(딸기농장),"하우스 관리(토마토, 딸기)",총 2명 / 남 : 1명 / 여 : 1명,"남 120,000 원 / 여 100,000 원",2025-07-18 ~ 2025-07-18,1,07:00 ~ 17:00,"120,000원","100,000원","110,000원",11000원,[55335] 완주군 삼례읍 만경강로 17-5 (하리),여름,_VK9x1lcSav687a113d,1838
김귀연 농가(옥성농원),조경수 하우스 작업(조경수),총 1명 / 남 : 1명 / 여 : 0명,"남 150,000 원 / 여 100,000 원",2025-07-18 ~ 2025-07-18,1,08:00 ~ 17:00,"150,000원","100,000원","125,000원",13888원,완주군 삼례읍 삼례나들목로 142-73,여름,u_QH92FCFdN687a10ff,519
이경준농가,"비닐씌우기, 수확(복숭아, 아스파라거스)",총 1명 / 남 : 0명 / 여 : 1명,"남 0 원 / 여 130,000 원",2025-07-18 ~ 2025-07-20,3,08:00 ~ 17:00,0원,"130,000원","130,000원",14444원,[56324] 전북특별자치도 부안군 줄포면 목상길 22-4 (난산리) (1541316),여름,XNhsrL0X2f96879e31f,529
배호성(호성농원),"포도 알솎기(사과, 포도)",총 3명 / 남 : 0명 / 여 : 3명,"남 130,000 원 / 여 130,000 원",2025-07-18 ~ 2025-07-19,2,07:00 ~ 17:00,"130,000원","130,000원","130,000원",13000원,"[55603] 전북특별자치도 장수군 계북면 매계압곡길 19 (매계리) 계남면 궁양리 1074 , 계북면 매계리 493, 계북면 매계압곡길19(작업장)",여름,yq0ItisTWok68799eba,4693
장시호 농장,"고추 순따기, 줄치기, 약치기 등(고추)",총 1명 / 남 : 0명 / 여 : 1명,"남 0 원 / 여 120,000 원",2025-07-18 ~ 2025-07-20,3,06:00 ~ 15:00,0원,"120,000원","120,000원",13333원,[55911] 전북특별자치도 임실군 신평면 가덕2길 41 (가덕리),여름,_SDajRAc1r_68798fd9,650
김정수(은애농원),상추 수확 및 순따기(상추),총 2명 / 남 : 0명 / 여 : 2명,"남 0 원 / 여 110,000 원",2025-07-18 ~ 2025-07-19,2,07:30 ~ 17:30,0원,"110,000원","110,000원",11000원,[55626] 전북특별자치도 장수군 계남면 가곡평지길 111-17 (가곡리),여름,ABoYvIMJFf268798d5e,990
라남구,봉지씌우기(포도),총 1명 / 남 : 0명 / 여 : 1명,"남 100,000 원 / 여 100,000 원",2025-07-18 ~ 2025-07-21,4,08:00 ~ 17:00,"100,000원","100,000원","100,000원",11111원,설천면 길산리 694,여름,Syo-r-FMT2r68798889,2442
권명오,수확(블루베리),총 2명 / 남 : 2명 / 여 : 0명,"남 120,000 원 / 여 0 원",2025-07-18 ~ 2025-07-21,4,08:00 ~ 17:00,"120,000원",0원,"120,000원",13333원,설천면 장덕리 224,여름,JBr9TRWwZQJ68798862,1704
이태일,유인작업(사과),총 1명 / 남 : 0명 / 여 : 1명,"남 0 원 / 여 100,000 원",2025-07-18 ~ 2025-07-21,4,08:00 ~ 17:00,0원,"100,000원","100,000원",11111원,무풍면 금평리2033-24,여름,ow8MqX1nyuI68798768,15008
전혜자 농장,상추 수확 및 상차(상추),총 2명 / 남 : 1명 / 여 : 1명,"남 110,000 원 / 여 110,000 원",2025-07-18 ~ 2025-07-20,3,07:00 ~ 16:00,"110,000원","110,000원","110,000원",12222원,[55948] 전북특별자치도 임실군 오수면 군평길 28 (군평리),여름,z2bJYnD26DL6879782c,1960
하재국 농장,수확 및 상차(복숭아),총 3명 / 남 : 1명 / 여 : 2명,"남 0 원 / 여 110,000 원",2025-07-18 ~ 2025-07-20,3,05:00 ~ 15:00,0원,"110,000원","110,000원",11000원,[55948] 전북특별자치도 임실군 오수면 봉천리 741-3,여름,B9k1lgRhcDy687977ce,1969
박철순 농장,"고추수확 및 선별, 세척 등(고추)",총 3명 / 남 : 0명 / 여 : 3명,"남 0 원 / 여 110,000 원",2025-07-18 ~ 2025-07-20,3,08:00 ~ 17:00,0원,"110,000원","110,000원",12222원,[55942] 전북특별자치도 임실군 덕치면 사곡리988-4,여름,h7TeBZ7ve2B68797782,573
전유진농가,작업(하우스),총 2명 / 남 : 2명 / 여 : 0명,"남 120,000 원 / 여 110,000 원",2025-07-18 ~ 2025-07-20,3,08:00 ~ 17:00,"120,000원","110,000원","115,000원",12777원,[56458] 전북 고창군 무장면 봉촌길 65 (만화리),여름,6yn08lgygh26878edd3,572
정영자농가,수박 순집기(수박),총 3명 / 남 : 0명 / 여 : 3명,남 0 원 / 여 0 원,2025-07-18 ~ 2025-07-18,1,08:00 ~ 17:00,0원,0원,0원,계산불가,[56457] 전북특별자치도 고창군 무장면 학천로 284-28 (옥산리),여름,W7FzDi0Qv646878edaf,5835
우현근,가지 유인작업(복분자),총 1명 / 남 : 0명 / 여 : 1명,"남 0 원 / 여 100,000 원",2025-07-18 ~ 2025-07-21,4,08:00 ~ 17:00,0원,"100,000원","100,000원",11111원,적상면 삼유리 1891-1,여름,AcH7QYOHUud687883a0,3550
박호규,수확(두릅),총 2명 / 남 : 0명 / 여 : 2명,"남 0 원 / 여 100,000 원",2025-07-18 ~ 2025-07-19,2,08:00 ~ 17:00,0원,"100,000원","100,000원",11111원,설천면 소천리 122,여름,R5E9huFkCVN687860ac,684
유성림,정비(하우스),총 1명 / 남 : 1명 / 여 : 0명,"남 150,000 원 / 여 0 원",2025-07-18 ~ 2025-07-19,2,08:00 ~ 17:00,"150,000원",0원,"150,000원",16666원,무풍면 철목리 553-5,여름,hi7toSVflPm68785b31,1044
박영숙,수확(블루베리),총 1명 / 남 : 1명 / 여 : 0명,"남 100,000 원 / 여 0 원",2025-07-18 ~ 2025-07-21,4,08:00 ~ 17:00,"100,000원",0원,"100,000원",11111원,안성면 덕유산로 108-13,여름,CkffybgZSbR68784359,3765
최진수 농장,"복숭아 수확, 선별, 상차 등(복숭아)",총 6명 / 남 : 1명 / 여 : 5명,"남 110,000 원 / 여 110,000 원",2025-07-18 ~ 2025-07-20,3,07:00 ~ 16:00,"110,000원","110,000원","110,000원",12222원,[55944] 전북특별자치도 임실군 삼계면 오지리 59-1,여름,BPI-0EhSCwn6877995d,1917
경태호농가,멜론작업(멜론),총 3명 / 남 : 0명 / 여 : 3명,"남 100,000 원 / 여 100,000 원",2025-07-18 ~ 2025-07-18,1,07:00 ~ 16:00,"100,000원","100,000원","100,000원",11111원,[55460] 전북특별자치도 진안군 성수면 가외반로 174 근처 하우스,여름,_WIkPSfEHn6687706be,555
강애숙농가,새싹삼심기(인삼),총 3명 / 남 : 0명 / 여 : 3명,"남 90,000 원 / 여 90,000 원",2025-07-18 ~ 2025-07-19,2,08:00 ~ 17:00,"90,000원","90,000원","90,000원",10000원,[55414] 전북특별자치도 진안군 부귀면 노래재로 69-7 (황금리),여름,k8PtTE1xYPq687461cd,514
김창호농가,수확(블루베리),총 2명 / 남 : 2명 / 여 : 0명,"남 130,000 원 / 여 0 원",2025-07-17 ~ 2025-07-20,4,08:00 ~ 17:00,"130,000원",0원,"130,000원",14444원,[56335] 전북특별자치도 부안군 상서면 지석안길 7-12 (용서리) 1496011,여름,hv7Dk6K5Jy-6879e434,714
박원식 농가,"소여물주기, 축사정돈(축사)",총 1명 / 남 : 0명 / 여 : 1명,"남 0 원 / 여 100,000 원",2025-07-17 ~ 2025-07-19,3,08:00 ~ 17:00,0원,"100,000원","100,000원",11111원,[56336] 전북특별자치도 부안군 상서면 회시길 47-36 (감교리),여름,2zsmLZaVoi26879e3c5,290
정영숙농가,복분자 가지치기(복분자),총 6명 / 남 : 0명 / 여 : 6명,"남 0 원 / 여 100,000 원",2025-07-17 ~ 2025-07-17,1,08:00 ~ 17:00,0원,"100,000원","100,000원",11111원,[55407] 전북특별자치도 진안군 안천면 백화리 934-1,여름,0Lkk8-31JmJ6878b5dd,1167
이명숙 농가(딸기농장),"하우스 관리(토마토, 딸기)",총 2명 / 남 : 1명 / 여 : 1명,"남 120,000 원 / 여 100,000 원",2025-07-17 ~ 2025-07-17,1,07:00 ~ 17:00,"120,000원","100,000원","110,000원",11000원,[55335] 완주군 삼례읍 만경강로 17-5 (하리),여름,x1w1EjbDVXF68789883,1838
유인옥 농가(조경수),하우스 관리(조경수),총 2명 / 남 : 0명 / 여 : 2명,"남 0 원 / 여 100,000 원",2025-07-17 ~ 2025-07-18,2,06:30 ~ 17:00,0원,"100,000원","100,000원",9523원,[55355] 완주군 소양면 명덕리 1138-3 (실주소지: 소양면 명덕리 1137-1),여름,YOnpMxQIsCm687859e8,3916
김귀연 농가(옥성농원),조경수 하우스 작업(조경수),총 1명 / 남 : 1명 / 여 : 0명,"남 150,000 원 / 여 100,000 원",2025-07-17 ~ 2025-07-17,1,08:00 ~ 17:00,"150,000원","100,000원","125,000원",13888원,완주군 삼례읍 삼례나들목로 142-73,여름,RmTfn07TsSC6878379e,519
김후남 농장,수확 및 상차(복숭아),총 1명 / 남 : 1명 / 여 : 0명,"남 110,000 원 / 여 0 원",2025-07-17 ~ 2025-07-20,4,06:00 ~ 15:00,"110,000원",0원,"110,000원",12222원,[55949] 전북특별자치도 임실군 오수면 오암리 1063,여름,qUAx-BVIyJD68779f3e,2188
김주영 농장,수확 및 선별(복숭아),총 3명 / 남 : 1명 / 여 : 2명,"남 110,000 원 / 여 110,000 원",2025-07-17 ~ 2025-07-20,4,07:00 ~ 16:00,"110,000원","110,000원","110,000원",12222원,[55949] 전북특별자치도 임실군 오수면 오암2길 53-27 (오암리),여름,mBApvLX0YLN68779ece,107
최정진농장,수확(블루베리),총 2명 / 남 : 1명 / 여 : 1명,"남 120,000 원 / 여 110,000 원",2025-07-17 ~ 2025-07-18,2,08:00 ~ 17:00,"120,000원","110,000원","115,000원",12777원,[56410] 전북 고창군 상하면 하장1길 3 (하장리) 농장)상하면하장리1길3,여름,OzGEVrM-7D7687762c3,497
칠보단장(정영숙),수확 및 하우스 관리(블루베리),총 2명 / 남 : 1명 / 여 : 1명,남 0 원 / 여 0 원,2025-07-17 ~ 2025-07-18,2,08:00 ~ 17:00,0원,0원,0원,계산불가,[56410] 전북 고창군 상하면 회정길 61 (하장리),여름,u7xSAuzJIyU687762ac,555
오재동 농가,순집기(수박),총 2명 / 남 : 0명 / 여 : 2명,"남 0 원 / 여 90,000 원",2025-07-17 ~ 2025-07-17,1,08:00 ~ 17:00,0원,"90,000원","90,000원",10000원,[56456] 전북특별자치도 고창군 무장면 강남덕산길 10 (강남리),여름,fY3t5KWijI068776296,365
임소형,밭 정리(포도),총 1명 / 남 : 1명 / 여 : 0명,"남 120,000 원 / 여 0 원",2025-07-17 ~ 2025-07-19,3,08:00 ~ 17:00,"120,000원",0원,"120,000원",13333원,무풍면 증산리 1170,여름,TfsVJBYiMpO68775b2a,1964
김동현 농장,부추수확(부추),총 6명 / 남 : 0명 / 여 : 6명,"남 0 원 / 여 80,000 원",2025-07-17 ~ 2025-07-18,2,06:00 ~ 15:00,0원,"80,000원","80,000원",8888원,[55948] 전북특별자치도 임실군 오수면 봉천리 720-4,여름,N2U89I62AR968773c06,1033
황철연 농장,"쪽파 재배(상추, 포도, 애호박)",총 1명 / 남 : 0명 / 여 : 1명,"남 0 원 / 여 110,000 원",2025-07-17 ~ 2025-07-18,2,08:00 ~ 17:00,0원,"110,000원","110,000원",12222원,[55912] 전북특별자치도 임실군 신평면 덕암1길 46 (덕암리),여름,I2SJeFuyH6P6877387a,627
고귀식,박스접기(복숭아),총 11명 / 남 : 1명 / 여 : 10명,"남 100,000 원 / 여 100,000 원",2025-07-17 ~ 2025-07-17,1,08:00 ~ 17:00,"100,000원","100,000원","100,000원",11111원,적상면 마산길 71,여름,rA0gPImpMYv687707e8,1287
손갑용 농가,마늘심기 전 작업(마늘),총 3명 / 남 : 0명 / 여 : 3명,"남 0 원 / 여 100,000 원",2025-07-17 ~ 2025-07-18,2,07:00 ~ 18:00,0원,"100,000원","100,000원",9090원,[55458] 전북특별자치도 진안군 성수면 양화안길 6-5,여름,EG98sipxU-J6876f0a3,482
정상두(눈꽃농원),사과 밭작업(사과),총 2명 / 남 : 2명 / 여 : 0명,"남 120,000 원 / 여 120,000 원",2025-07-17 ~ 2025-07-23,7,07:00 ~ 17:00,"120,000원","120,000원","120,000원",12000원,[55645] 전북특별자치도 장수군 장수읍 구평길 78-42 (대성리) 장수읍 대성리1307,여름,NkMLClWPitf6875e6ab,11847
황창영 농장,고추 재배(고추),총 3명 / 남 : 0명 / 여 : 3명,"남 0 원 / 여 120,000 원",2025-07-17 ~ 2025-07-20,4,08:00 ~ 17:00,0원,"120,000원","120,000원",13333원,[55923] 전북특별자치도 임실군 임실읍 금성리 930-4,여름,NXKOo_lyODQ6875c21e,2309
신용기 농가,가지따기(가지),총 3명 / 남 : 0명 / 여 : 3명,"남 0 원 / 여 100,000 원",2025-07-17 ~ 2025-07-17,1,06:00 ~ 16:00,0원,"100,000원","100,000원",10000원,[55403] 전북특별자치도 진안군 주천면 운봉리 238,여름,ZDfTPT2p7Lc6875a7a0,3571
선수진,수확(블루베리),총 6명 / 남 : 0명 / 여 : 6명,"남 110,000 원 / 여 110,000 원",2025-07-17 ~ 2025-07-19,3,08:00 ~ 17:00,"110,000원","110,000원","110,000원",12222원,안성면 안성로 81-11,여름,6ImaUklijLq68759be8,840
송창숙 농가(양파농장),"밭관리 작업(고추, 마늘, 양파)",총 2명 / 남 : 1명 / 여 : 1명,"남 100,000 원 / 여 100,000 원",2025-07-16 ~ 2025-07-16,1,07:00 ~ 17:00,"100,000원","100,000원","100,000원",10000원,[55350] 완주군 용진읍 신지송광로 183 (운곡리),여름,Q4X5xpS9Nie68775cf9,274
박철순 농장,고추수확(고추),총 3명 / 남 : 0명 / 여 : 3명,"남 0 원 / 여 110,000 원",2025-07-16 ~ 2025-07-17,2,06:00 ~ 15:00,0원,"110,000원","110,000원",12222원,[55942] 전북특별자치도 임실군 덕치면 사곡리988-4,여름,5Y8svzPEmAP6877306e,573
박문하,유인(복분자),총 3명 / 남 : 0명 / 여 : 3명,"남 0 원 / 여 110,000 원",2025-07-16 ~ 2025-07-17,2,08:00 ~ 17:00,0원,"110,000원","110,000원",12222원,"적상면 삼유리 337,338",여름,pFsIN7Ja5bv6876e6f7,2988
심형순 농장,블루베리 수확 및 포장(블루베리),총 2명 / 남 : 0명 / 여 : 2명,"남 0 원 / 여 100,000 원",2025-07-16 ~ 2025-07-16,1,05:00 ~ 14:00,0원,"100,000원","100,000원",11111원,[55919] 전북특별자치도 임실군 성수면 월평서길 25 (월평리),여름,kmAbrOa7m8f6876d71a,1137
백만기 농장,"들깨 심기(팥,고추)",총 3명 / 남 : 0명 / 여 : 3명,"남 0 원 / 여 110,000 원",2025-07-16 ~ 2025-07-17,2,07:00 ~ 16:00,0원,"110,000원","110,000원",12222원,[55907] 전북특별자치도 임실군 관촌면 신전리 410,여름,yCTeCxykbt86876c8d4,1600
오정숙 농장,"들깨 심기(콩, 고추,깨)",총 1명 / 남 : 1명 / 여 : 0명,"남 110,000 원 / 여 0 원",2025-07-16 ~ 2025-07-17,2,08:00 ~ 17:00,"110,000원",0원,"110,000원",12222원,[55928] 전북특별자치도 임실군 임실읍 현곡리 177-3,여름,cbHVlEzQ2AM6876c852,8313
오재동 농가,순집기(수박),총 4명 / 남 : 0명 / 여 : 4명,"남 0 원 / 여 90,000 원",2025-07-16 ~ 2025-07-16,1,08:00 ~ 17:00,0원,"90,000원","90,000원",10000원,[56456] 전북특별자치도 고창군 무장면 강남덕산길 10 (강남리),여름,jY8ZQrarPNh687613a2,365
강병근 농가,작업(인삼),총 5명 / 남 : 0명 / 여 : 5명,남 0 원 / 여 0 원,2025-07-16 ~ 2025-07-18,3,08:00 ~ 17:00,0원,0원,0원,계산불가,[56465] 전북특별자치도 고창군 성송면 선동길 35 (계당리),여름,DKtfzn0miRm6876104b,999
김용학농가,작업업(고추),총 0명 / 남 : 0명 / 여 : 0명,남 0 원 / 여 0 원,2025-07-16 ~ 2025-07-16,1,08:00 ~ 17:00,0원,0원,0원,계산불가,[56446] 전북 고창군 고수면 장두리 198-8 집 월계1길 80,여름,XTXeiAqM2Or68760fee,272
성윤호농가,터널정식(수박),총 0명 / 남 : 0명 / 여 : 0명,"남 0 원 / 여 90,000 원",2025-07-16 ~ 2025-07-18,3,08:00 ~ 17:00,0원,"90,000원","90,000원",10000원,[56408] 전북 고창군 상하면 장호로 83-17 (장산리),여름,7S2nLEAVa8O68760f62,612
김동훈 농장,블루베리 수확 및 선별(블루베리),총 4명 / 남 : 0명 / 여 : 4명,"남 0 원 / 여 110,000 원",2025-07-16 ~ 2025-07-17,2,05:00 ~ 14:00,0원,"110,000원","110,000원",12222원,[55920] 전북특별자치도 임실군 지사면 안하2길 16-65 (안하리),여름,XotL-cQDvFf6875f91b,580
정갑식,박스접기(복숭아),총 10명 / 남 : 1명 / 여 : 9명,"남 110,000 원 / 여 110,000 원",2025-07-16 ~ 2025-07-16,1,08:00 ~ 17:00,"110,000원","110,000원","110,000원",12222원,적상면 마산길 71,여름,uR8GFsFq45z6875f134,1287
이남재 농장,복숭아 수확 및 상차 선별(복숭아),총 2명 / 남 : 1명 / 여 : 1명,"남 110,000 원 / 여 110,000 원",2025-07-16 ~ 2025-07-16,1,08:00 ~ 17:00,"110,000원","110,000원","110,000원",12222원,[55957] 전북특별자치도 임실군 오수면 용두리 산50,여름,YLQ0rXMB8Ro6875d74c,4875
임삼채,수확 및 껍질 제거(옥수수),총 2명 / 남 : 0명 / 여 : 2명,"남 0 원 / 여 100,000 원",2025-07-16 ~ 2025-07-19,4,08:00 ~ 17:00,0원,"100,000원","100,000원",11111원,"적상면 사산리 105, 120, 275, 531",여름,xiBJca_ayJ968759e8a,7362
유상근,"수확, 포장(블루베리)",총 3명 / 남 : 0명 / 여 : 3명,"남 120,000 원 / 여 100,000 원",2025-07-16 ~ 2025-07-18,3,08:00 ~ 17:00,"120,000원","100,000원","110,000원",12222원,부남면 부남로 216-41,여름,3Hdr3h_Fp4668759aa1,1468
경태호농가,상추작업(상추),총 3명 / 남 : 0명 / 여 : 3명,"남 100,000 원 / 여 100,000 원",2025-07-16 ~ 2025-07-17,2,07:00 ~ 16:00,"100,000원","100,000원","100,000원",11111원,[55460] 전북특별자치도 진안군 성수면 가외반로 174 (좌산리),여름,tyTwvIJBt4e68745747,555
김성호농가,상추 따기(상추),총 2명 / 남 : 1명 / 여 : 1명,"남 130,000 원 / 여 120,000 원",2025-07-15 ~ 2025-07-16,2,08:00 ~ 17:00,"130,000원","120,000원","125,000원",13888원,[56322] 전북특별자치도 부안군 백산면 계동길 77 (오곡리),여름,lE3VlJzp5cE6875d617,380
유종석,박스접기(복숭아),총 6명 / 남 : 0명 / 여 : 6명,"남 0 원 / 여 100,000 원",2025-07-15 ~ 2025-07-15,1,08:00 ~ 17:00,0원,"100,000원","100,000원",11111원,적상면 마산길 71,여름,Vu_MPqOzxat68759bd6,1287
백창수농가,수정(콩),총 4명 / 남 : 0명 / 여 : 4명,"남 0 원 / 여 90,000 원",2025-07-15 ~ 2025-07-15,1,08:00 ~ 17:00,0원,"90,000원","90,000원",10000원,[56419] 전북 고창군 성내면 부덕길 76-8 (부덕리),여름,gkNKJ2bVxuN687513db,831
곽경양,박스접기(복숭아),총 0명 / 남 : 0명 / 여 : 0명,"남 0 원 / 여 100,000 원",2025-07-15 ~ 2025-07-15,1,08:00 ~ 17:00,0원,"100,000원","100,000원",11111원,적상면 마산길 71,여름,55U603ONVph6874c603,1287
최화순농가,복분자수확(복분자),총 0명 / 남 : 0명 / 여 : 0명,남 0 원 / 여 0 원,2025-07-15 ~ 2025-07-16,2,08:00 ~ 17:00,0원,0원,0원,계산불가,[56411] 전북특별자치도 고창군 흥덕면 후포후동길 14-20 (후포리) 후포리 628-1,여름,66cLSnYyGCs6874c4e4,3581
김용학농가,복분자따기(복분자),총 0명 / 남 : 0명 / 여 : 0명,남 0 원 / 여 0 원,2025-07-15 ~ 2025-07-15,1,08:00 ~ 17:00,0원,0원,0원,계산불가,[56446] 전북 고창군 고수면 장두리 198-8 집 월계1길 80,여름,mgd_ArhraEx6874b859,272
박문기 농가(조경수),식재 및 제조작업(조경수),총 3명 / 남 : 0명 / 여 : 3명,"남 0 원 / 여 90,000 원",2025-07-15 ~ 2025-07-19,5,07:00 ~ 18:00,0원,"90,000원","90,000원",8181원,[55348] 완주군 소양면 대흥문화길 38 (대흥리),여름,5R0oMtV3-x06874a8d1,411
이옥자,줄작업(복분자),총 1명 / 남 : 1명 / 여 : 0명,"남 120,000 원 / 여 0 원",2025-07-15 ~ 2025-07-18,4,08:00 ~ 17:00,"120,000원",0원,"120,000원",13333원,적상면 삼방로 94-9,여름,o-BrC3G2e-q6874a371,413
이창우 농장,잔디 심기(잔디),총 3명 / 남 : 0명 / 여 : 3명,"남 0 원 / 여 110,000 원",2025-07-15 ~ 2025-07-15,1,07:00 ~ 16:00,0원,"110,000원","110,000원",12222원,[55935] 전북특별자치도 임실군 청웅면 옥전3길 6 (옥전리),여름,jWt7d0rlFDp6874a0f4,540
전혜자 농장,상추 수확 및 상차(상추),총 1명 / 남 : 1명 / 여 : 0명,"남 110,000 원 / 여 110,000 원",2025-07-15 ~ 2025-07-17,3,06:00 ~ 15:00,"110,000원","110,000원","110,000원",12222원,[55948] 전북특별자치도 임실군 오수면 군평길 28 (군평리),여름,RVMOD3zTkEe687487dc,1960
전유진농가,작업(하우스),총 2명 / 남 : 2명 / 여 : 0명,"남 120,000 원 / 여 110,000 원",2025-07-15 ~ 2025-07-17,3,08:00 ~ 17:00,"120,000원","110,000원","115,000원",12777원,[56458] 전북 고창군 무장면 봉촌길 65 (만화리),여름,n284wwVr9Op6874819c,572
김숙자농가,가지치기 및 작업(블루베리),총 1명 / 남 : 1명 / 여 : 0명,"남 110,000 원 / 여 100,000 원",2025-07-15 ~ 2025-07-17,3,08:00 ~ 17:00,"110,000원","100,000원","105,000원",11666원,[56454] 전북 고창군 아산면 학전리 474,여름,RWn5bI3EmaZ68748183,1963
이영범 농가(꽃나무),꽃나무 풀매기(꽃나무),총 7명 / 남 : 0명 / 여 : 7명,"남 0 원 / 여 100,000 원",2025-07-15 ~ 2025-07-19,5,08:00 ~ 18:00,0원,"100,000원","100,000원",10000원,[55355] 완주군 소양면 신지송광로 619-20 (명덕리)/ 소양로 264-17 / 황운리 233,여름,nyXzRgIuJai68745c0d,12949
이영숙(한표농장),적과작업(사과),총 3명 / 남 : 2명 / 여 : 1명,"남 100,000 원 / 여 100,000 원",2025-07-15 ~ 2025-07-21,7,08:00 ~ 17:00,"100,000원","100,000원","100,000원",11111원,[55607] 전북특별자치도 장수군 천천면 송탄4길 14-2 (집) 천천면 장판리 292-2,여름,iE7hD9PZ2Ou68744ade,25790
최봉진(봉진농장),"오이 수확 및 포장(사과, 호박, 브로콜리, 오이)",총 1명 / 남 : 0명 / 여 : 1명,"남 110,000 원 / 여 110,000 원",2025-07-15 ~ 2025-07-21,7,08:00 ~ 17:00,"110,000원","110,000원","110,000원",12222원,[55642] 전북특별자치도 장수군 장수읍 안양1길 11 (집) 장수읍 용계리 1509,여름,u4iq4V1srAd68744aa8,5031
이강필 농장,"복숭아 수확 및 상차, 순치기 작업 등(복숭아)",총 5명 / 남 : 2명 / 여 : 3명,"남 110,000 원 / 여 110,000 원",2025-07-15 ~ 2025-07-17,3,06:00 ~ 15:00,"110,000원","110,000원","110,000원",12222원,[55957] 전북특별자치도 임실군 오수면 둔기길 136 (둔기리),여름,pJ3NF8zfwxm68743509,3300
신용기 농가,가지따기(가지),총 3명 / 남 : 0명 / 여 : 3명,"남 0 원 / 여 100,000 원",2025-07-15 ~ 2025-07-15,1,06:00 ~ 14:00,0원,"100,000원","100,000원",12500원,[55403] 전북특별자치도 진안군 주천면 운봉리 238,여름,A5cLY5XKCTI68733ac7,3571
황상완 농가,복숭아 따기(복숭아),총 1명 / 남 : 0명 / 여 : 1명,"남 0 원 / 여 130,000 원",2025-07-14 ~ 2025-07-16,3,08:00 ~ 17:00,0원,"130,000원","130,000원",14444원,[56312] 전북특별자치도 부안군 부안읍 부풍로 130 (서외리),여름,Byk8SHDcJ6V6875b96f,419
송은주 농가,"수확, 재배(고추, 호박)",총 1명 / 남 : 0명 / 여 : 1명,"남 0 원 / 여 90,000 원",2025-07-14 ~ 2025-07-14,1,08:00 ~ 17:00,0원,"90,000원","90,000원",10000원,[56310] 전북특별자치도 부안군 부안읍 서문로 2-1 (서외리),여름,OKJTsRij7eq6874b017,719
송창숙 농가(양파농장),"밭관리 작업(고추, 마늘, 양파)",총 1명 / 남 : 1명 / 여 : 0명,"남 100,000 원 / 여 100,000 원",2025-07-14 ~ 2025-07-14,1,07:00 ~ 17:00,"100,000원","100,000원","100,000원",10000원,[55350] 완주군 용진읍 신지송광로 183 (운곡리),여름,X2Dfzp-rc7b6874abd7,274
김철호 농가(완주농원),묘목 채우기(조경수),총 8명 / 남 : 2명 / 여 : 6명,"남 150,000 원 / 여 100,000 원",2025-07-14 ~ 2025-07-19,6,07:00 ~ 17:00,"150,000원","100,000원","125,000원",12500원,"[55361] 완주군 구이면 난산평촌로 36-28 (광곡리, 광곡리마을회관) 실주소 : 구이면 광곡리 620-1",여름,QoExKAsNyUK6874abd6,271
이명숙 농가(딸기농장),"하우스 관리(토마토, 딸기)",총 1명 / 남 : 0명 / 여 : 1명,"남 120,000 원 / 여 100,000 원",2025-07-14 ~ 2025-07-16,3,07:00 ~ 17:00,"120,000원","100,000원","110,000원",11000원,[55335] 완주군 삼례읍 만경강로 17-5 (하리),여름,p4kUfS6wSub6874a4a7,1838
정성모 농가(블루베리),"마늘 밭 관리(마늘, 블루베리, 감자)",총 8명 / 남 : 3명 / 여 : 5명,"남 100,000 원 / 여 100,000 원",2025-07-14 ~ 2025-07-19,6,07:00 ~ 17:00,"100,000원","100,000원","100,000원",10000원,[55363] 완주군 구이면 계곡리 629-1,여름,guLmDW9878X6874a2fd,869
김성진 농가,"재배, 농약(고추, 호박, 양파, 콩)",총 4명 / 남 : 4명 / 여 : 0명,"남 130,000 원 / 여 120,000 원",2025-07-14 ~ 2025-07-16,3,08:00 ~ 17:00,"130,000원","120,000원","125,000원",13888원,[56330] 전북특별자치도 부안군 보안면 우동길 47-38 (우동리) 1540721,여름,rTubScP-9dN687463a2,387
김창호농가,수확(블루베리),총 1명 / 남 : 1명 / 여 : 0명,"남 130,000 원 / 여 0 원",2025-07-14 ~ 2025-07-16,3,08:00 ~ 17:00,"130,000원",0원,"130,000원",14444원,[56335] 전북특별자치도 부안군 상서면 지석안길 7-12 (용서리) 1496011,여름,RpaAtZyXQD_68746332,714
박원식 농가,"소여물주기, 축사정돈(축사)",총 1명 / 남 : 0명 / 여 : 1명,"남 0 원 / 여 100,000 원",2025-07-14 ~ 2025-07-16,3,08:00 ~ 17:00,0원,"100,000원","100,000원",11111원,[56336] 전북특별자치도 부안군 상서면 회시길 47-36 (감교리),여름,w6KTOr3bAsc687462d7,290
송기수 농가,축사 관리(소),총 1명 / 남 : 0명 / 여 : 1명,"남 0 원 / 여 120,000 원",2025-07-14 ~ 2025-07-16,3,08:00 ~ 17:00,0원,"120,000원","120,000원",13333원,[56335] 전북특별자치도 부안군 상서면 부안로 2203-26 (고잔리),여름,du3uD7wRRxI687462ac,3340
장현하 농가,"재배, 수확(콩, 취나물, 감자, 마늘, 양파, 고추)",총 1명 / 남 : 0명 / 여 : 1명,"남 100,000 원 / 여 90,000 원",2025-07-14 ~ 2025-07-16,3,08:00 ~ 17:00,"100,000원","90,000원","95,000원",10555원,"[56315] 전북특별자치도 부안군 부안읍 진성길 9 (봉덕리, 부안진성아파트 2단지)",여름,GElH-Qep_6b6874625e,1889
이경준농가,"비닐씌우기, 수확(복숭아, 아스파라거스)",총 1명 / 남 : 0명 / 여 : 1명,"남 0 원 / 여 130,000 원",2025-07-14 ~ 2025-07-16,3,08:00 ~ 17:00,0원,"130,000원","130,000원",14444원,[56324] 전북특별자치도 부안군 줄포면 목상길 22-4 (난산리) (1541316),여름,yCXEUtSn8vu687459f9,529
김귀연 농가(옥성농원),조경수 하우스 작업(조경수),총 1명 / 남 : 1명 / 여 : 0명,"남 150,000 원 / 여 100,000 원",2025-07-14 ~ 2025-07-16,3,08:00 ~ 17:00,"150,000원","100,000원","125,000원",13888원,완주군 삼례읍 삼례나들목로 142-73,여름,NToimyEJ2uw68744c2f,519
박규남 농가(조경수농장),육묘 관리(조경수),총 10명 / 남 : 1명 / 여 : 9명,"남 150,000 원 / 여 93,000 원",2025-07-14 ~ 2025-07-16,3,07:00 ~ 17:00,"150,000원","93,000원","121,500원",12150원,[55335] 완주군 삼례읍 석전리88-14 / 봉동읍 구암리 401-3 / 소양면 명덕리 736-1,여름,15USYiSctce68744b93,6424
윤정구 농가(블루베리농장),"가지치기, 블루베리 수확(블루베리)",총 3명 / 남 : 0명 / 여 : 3명,"남 100,000 원 / 여 90,000 원",2025-07-14 ~ 2025-07-16,3,07:00 ~ 17:00,"100,000원","90,000원","95,000원",9500원,[55302] 완주군 경천면 죽림길 30-6 (경천리),여름,geMmNX3DLmW68744b0d,649
임혜미 농가,"수확 및 상차, 약치기 등(복숭아)",총 3명 / 남 : 0명 / 여 : 3명,"남 0 원 / 여 110,000 원",2025-07-14 ~ 2025-07-16,3,07:00 ~ 16:00,0원,"110,000원","110,000원",12222원,[55944] 전북특별자치도 임실군 삼계면 오지리 77,여름,U99807QP8TD687436df,724
김주영 농장,수확 및 선별(복숭아),총 3명 / 남 : 1명 / 여 : 2명,"남 110,000 원 / 여 110,000 원",2025-07-14 ~ 2025-07-16,3,07:00 ~ 16:00,"110,000원","110,000원","110,000원",12222원,[55949] 전북특별자치도 임실군 오수면 오암2길 53-27 (오암리),여름,Fc-n2Jw9oM36874347c,107
최진수 농장,"복숭아 수확, 선별, 상차 등(복숭아)",총 4명 / 남 : 1명 / 여 : 3명,"남 110,000 원 / 여 110,000 원",2025-07-14 ~ 2025-07-16,3,07:00 ~ 16:00,"110,000원","110,000원","110,000원",12222원,[55944] 전북특별자치도 임실군 삼계면 오지리 59-1,여름,4JxJDsEA3DV6874341e,1917
김흥중 농장,"조경수 예초기 작업, 고추 순따기, 상추수확 등(조경수, 고추,상추)",총 7명 / 남 : 5명 / 여 : 2명,"남 150,000 원 / 여 120,000 원",2025-07-14 ~ 2025-07-19,6,06:00 ~ 15:00,"150,000원","120,000원","135,000원",15000원,[55905] 전북특별자치도 임실군 운암면 선거리 산134,여름,_YfZKmyE-Ra68741883,15174
최경해농장,출계관리 및 사육장 청소(양계),총 2명 / 남 : 2명 / 여 : 0명,남 0 원 / 여 0 원,2025-07-14 ~ 2025-07-18,5,08:00 ~ 17:00,0원,0원,0원,계산불가,"[56464] 전북 고창군 성송면 선량길 63-30 (향산리, 농장관리사)",여름,e58Qz2uiqCJ6873c58e,8651
최정진농장,수확(블루베리),총 2명 / 남 : 1명 / 여 : 1명,"남 120,000 원 / 여 110,000 원",2025-07-14 ~ 2025-07-16,3,08:00 ~ 17:00,"120,000원","110,000원","115,000원",12777원,[56410] 전북 고창군 상하면 하장1길 3 (하장리) 농장)상하면하장리1길3,여름,GcZCK4OFh8B6873c56b,497
칠보단장(정영숙),수확 및 하우스 관리(블루베리),총 2명 / 남 : 1명 / 여 : 1명,남 0 원 / 여 0 원,2025-07-14 ~ 2025-07-16,3,08:00 ~ 17:00,0원,0원,0원,계산불가,[56410] 전북 고창군 상하면 회정길 61 (하장리),여름,bI6KNYWdVaq6873c542,555
유인옥 농가(조경수),묘목 밭 매기(조경수),총 2명 / 남 : 0명 / 여 : 2명,"남 0 원 / 여 100,000 원",2025-07-14 ~ 2025-07-16,3,06:30 ~ 17:00,0원,"100,000원","100,000원",9523원,[55355] 완주군 소양면 명덕리 1138-3 (실주소지: 소양면 명덕리 1137-1),여름,alD4r6QKYGQ6873be9c,3916
정선자 농장,복숭아 수확(복숭아),총 3명 / 남 : 0명 / 여 : 3명,"남 0 원 / 여 110,000 원",2025-07-14 ~ 2025-07-20,7,06:00 ~ 15:00,0원,"110,000원","110,000원",12222원,[55957] 전북특별자치도 임실군 오수면 신기리350,여름,rpFqrWhVYaH6873b84c,618
김후남 농장,수확 및 상차(복숭아),총 1명 / 남 : 1명 / 여 : 0명,"남 110,000 원 / 여 0 원",2025-07-14 ~ 2025-07-16,3,07:00 ~ 16:00,"110,000원",0원,"110,000원",12222원,[55949] 전북특별자치도 임실군 오수면 오암리 1063,여름,yhx_3y77EUT68739ae9,2188
노석호 농장,"상추수확, 복숭아 수확 및 선별 등(상추, 복숭아)",총 1명 / 남 : 0명 / 여 : 1명,"남 0 원 / 여 110,000 원",2025-07-14 ~ 2025-07-14,1,07:00 ~ 16:00,0원,"110,000원","110,000원",12222원,[55949] 전북특별자치도 임실군 오수면 오암1길 87 (오암리),여름,G-p_4Olmfdg68739a2b,370
차원무 농가,상추 수확(상추),총 1명 / 남 : 0명 / 여 : 1명,"남 0 원 / 여 110,000 원",2025-07-14 ~ 2025-07-17,4,06:00 ~ 16:00,0원,"110,000원","110,000원",11000원,[55946] 전북특별자치도 임실군 삼계면 해곡로 84-35 (삼계리),여름,KLPPMRrufIO687399bd,3688
이화성 농가,호박심기(호박),총 1명 / 남 : 0명 / 여 : 1명,"남 0 원 / 여 120,000 원",2025-07-14 ~ 2025-07-14,1,08:00 ~ 17:00,0원,"120,000원","120,000원",13333원,[56321] 전북특별자치도 부안군 백산면 왕금길 48 (금판리),여름,z9jmT5ahJcw68737718,182
하재국 농장,수확 및 상차(복숭아),총 1명 / 남 : 0명 / 여 : 1명,"남 0 원 / 여 110,000 원",2025-07-14 ~ 2025-07-17,4,05:00 ~ 15:00,0원,"110,000원","110,000원",11000원,[55948] 전북특별자치도 임실군 오수면 봉천리 741-3,여름,O9ugx8Exelh687373ef,1969
윤성순 농가,"제초, 고추 재배, 들깨심기(고추,율무,참깨,콩)",총 2명 / 남 : 1명 / 여 : 1명,"남 120,000 원 / 여 120,000 원",2025-07-14 ~ 2025-07-18,5,08:00 ~ 17:00,"120,000원","120,000원","120,000원",13333원,[55911] 전북특별자치도 임실군 신평면 가덕3길 3-8 (가덕리),여름,0AobMg3hyg06873554e,351
경태호농가,상추작업(상추),총 4명 / 남 : 0명 / 여 : 4명,"남 100,000 원 / 여 100,000 원",2025-07-14 ~ 2025-07-15,2,07:00 ~ 16:00,"100,000원","100,000원","100,000원",11111원,[55460] 전북특별자치도 진안군 성수면 가외반로 174 (좌산리),여름,SIGafw8Rvxf68733988,555
강애숙농가,새싹삼심기(인삼),총 2명 / 남 : 0명 / 여 : 2명,"남 90,000 원 / 여 90,000 원",2025-07-14 ~ 2025-07-15,2,08:00 ~ 17:00,"90,000원","90,000원","90,000원",10000원,[55414] 전북특별자치도 진안군 부귀면 노래재로 69-7 (황금리),여름,j3IA1NLAxkM6871c3b5,514
권금숙,수확(블루베리),총 2명 / 남 : 1명 / 여 : 1명,"남 120,000 원 / 여 100,000 원",2025-07-14 ~ 2025-07-17,4,08:00 ~ 17:00,"120,000원","100,000원","110,000원",12222원,설천면 장덕리 227-1,여름,rXZ4uSF1Fn26870a149,3338
권명오,수확(블루베리),총 2명 / 남 : 2명 / 여 : 0명,"남 120,000 원 / 여 0 원",2025-07-14 ~ 2025-07-17,4,08:00 ~ 17:00,"120,000원",0원,"120,000원",13333원,설천면 장덕리 224,여름,ZqJ9wHZ5loj6870a035,1704
라남구,열매 솎기(포도),총 2명 / 남 : 1명 / 여 : 1명,"남 100,000 원 / 여 100,000 원",2025-07-14 ~ 2025-07-17,4,08:00 ~ 17:00,"100,000원","100,000원","100,000원",11111원,설천면 길산리 694,여름,DrHFtIYK01g68709fe0,2442
김경희,열매 솎기(포도),총 4명 / 남 : 0명 / 여 : 4명,"남 0 원 / 여 100,000 원",2025-07-14 ~ 2025-07-17,4,08:00 ~ 17:00,0원,"100,000원","100,000원",11111원,설천면 길산리 650,여름,xvveisfsfmm68709dc5,2641
김양애,"전지,열매 솎기(복분자,포도)",총 2명 / 남 : 1명 / 여 : 1명,"남 100,000 원 / 여 100,000 원",2025-07-14 ~ 2025-07-17,4,08:00 ~ 17:00,"100,000원","100,000원","100,000원",11111원,설천면 기곡리 1149,여름,KiKfhi9XLcC68709d6f,2497
유성림,폐기(육묘),총 1명 / 남 : 1명 / 여 : 0명,"남 150,000 원 / 여 0 원",2025-07-14 ~ 2025-07-17,4,08:00 ~ 17:00,"150,000원",0원,"150,000원",16666원,무풍면 철목리 553-5,여름,MXOgxpIJSX368709a48,1044
이태일,"유인작업, 수확(사과 블루베리)",총 1명 / 남 : 0명 / 여 : 1명,"남 0 원 / 여 100,000 원",2025-07-14 ~ 2025-07-17,4,08:00 ~ 17:00,0원,"100,000원","100,000원",11111원,무풍면 금평리2033-24,여름,stsF7fL36FX687099e8,15008
유상근,수확(블루베리),총 4명 / 남 : 1명 / 여 : 3명,"남 120,000 원 / 여 100,000 원",2025-07-14 ~ 2025-07-15,2,08:00 ~ 17:00,"120,000원","100,000원","110,000원",12222원,부남면 부남로 216-41,여름,J3XUWQlY-xo68709761,1468
서병인(하우스농장),"시금치,상추, 샐러리 수확 및 포장(시금치/상추/샐러리)",총 2명 / 남 : 0명 / 여 : 2명,"남 100,000 원 / 여 100,000 원",2025-07-14 ~ 2025-07-19,6,08:00 ~ 17:00,"100,000원","100,000원","100,000원",11111원,[55645] 전북특별자치도 장수군 장수읍 대성리 753-6,여름,d5IqGrwbknp687093c4,8717
이대옥,수확(블루베리),총 5명 / 남 : 0명 / 여 : 5명,"남 0 원 / 여 100,000 원",2025-07-14 ~ 2025-07-17,4,08:00 ~ 17:00,0원,"100,000원","100,000원",11111원,무주읍 오산리 24-1,여름,p3h_Oi16KLr68707312,5775
박영숙,수확(블루베리),총 1명 / 남 : 1명 / 여 : 0명,"남 100,000 원 / 여 0 원",2025-07-14 ~ 2025-07-17,4,08:00 ~ 17:00,"100,000원",0원,"100,000원",11111원,안성면 덕유산로 108-13,여름,#NAME?,3765
우현근,"약치기, 가지 유인작업(복분자)",총 1명 / 남 : 0명 / 여 : 1명,"남 0 원 / 여 100,000 원",2025-07-14 ~ 2025-07-17,4,08:00 ~ 17:00,0원,"100,000원","100,000원",11111원,적상면 삼유리 1891-1,여름,#NAME?,3550
선수진,수확(블루베리),총 5명 / 남 : 1명 / 여 : 4명,"남 110,000 원 / 여 110,000 원",2025-07-14 ~ 2025-07-16,3,08:00 ~ 17:00,"110,000원","110,000원","110,000원",12222원,안성면 안성로 81-11,여름,Ff7gs4bM5K568707006,840
유종희 농가(조경수),"풀매기 , 나무 심기(조경수)",총 1명 / 남 : 0명 / 여 : 1명,"남 0 원 / 여 100,000 원",2025-07-14 ~ 2025-07-18,5,06:00 ~ 17:00,0원,"100,000원","100,000원",9090원,[55355] 완주군 소양면 명덕리 1139-3 (실주소지:소양면 명덕리 1140),여름,FXBEZxHa5Y4686f3c26,478
신보순농장,고추따기(고추),총 1명 / 남 : 1명 / 여 : 0명,"남 0 원 / 여 130,000 원",2025-07-13 ~ 2025-07-13,1,08:00 ~ 17:00,0원,"130,000원","130,000원",14444원,[56333] [56333] 전북특별자치도 부안군 하서면 용와1길 28-7 (석상리) 보순 보순,여름,Qw4p1tCxXpG68737634,810
변점례 농가,들깨 심기(들깨),총 1명 / 남 : 0명 / 여 : 1명,"남 0 원 / 여 130,000 원",2025-07-13 ~ 2025-07-13,1,08:00 ~ 17:00,0원,"130,000원","130,000원",14444원,"[56343] 전북특별자치도 부안군 변산면 군막길 33 (중계리, 부안댐민박)",여름,2-GX5Pe2sRs687374ca,531
황동욱 농가,두릅심기(두릅),총 1명 / 남 : 1명 / 여 : 0명,"남 130,000 원 / 여 110,000 원",2025-07-13 ~ 2025-07-13,1,08:00 ~ 17:00,"130,000원","110,000원","120,000원",13333원,[55448] 전북특별자치도 진안군 마령면 산237,여름,ptUEmRjKmoO68724d3b,21451
김용화 농장,"블루베리 나무제거, 고추 약치기, 풀메기 등(고추, 블루베리)",총 1명 / 남 : 0명 / 여 : 1명,"남 0 원 / 여 100,000 원",2025-07-13 ~ 2025-07-16,4,06:00 ~ 15:00,0원,"100,000원","100,000원",11111원,[55918] 전북특별자치도 임실군 성수면 도인리 499-1,여름,b6PFJ3M3b446871e760,1516
최화순농가,복분자수확(복분자),총 0명 / 남 : 0명 / 여 : 0명,남 0 원 / 여 0 원,2025-07-13 ~ 2025-07-13,1,08:00 ~ 17:00,0원,0원,0원,계산불가,[56411] 전북특별자치도 고창군 흥덕면 후포후동길 14-20 (후포리) 후포리 628-1,여름,qh6FhYwushD6870af32,385
박철순 농장,고추수확(고추),총 3명 / 남 : 0명 / 여 : 3명,"남 0 원 / 여 110,000 원",2025-07-13 ~ 2025-07-13,1,06:00 ~ 15:00,0원,"110,000원","110,000원",12222원,[55942] 전북특별자치도 임실군 덕치면 사곡리988-4,여름,UZ99QgiixiY6870ae89,573
경태호농가,상추작업(상추),총 4명 / 남 : 0명 / 여 : 4명,"남 100,000 원 / 여 100,000 원",2025-07-13 ~ 2025-07-13,1,08:00 ~ 17:00,"100,000원","100,000원","100,000원",11111원,[55460] 전북특별자치도 진안군 성수면 좌산리1630,여름,G0b0tKx6oKU686f6dc5,1829
신용기 농가,가지따기(가지),총 3명 / 남 : 0명 / 여 : 3명,"남 0 원 / 여 100,000 원",2025-07-13 ~ 2025-07-13,1,06:00 ~ 14:00,0원,"100,000원","100,000원",12500원,[55403] 전북특별자치도 진안군 주천면 운봉리 238,여름,IY1C8LSUtS9686f1379,3571
김학윤 농장,부추수확(부추),총 3명 / 남 : 0명 / 여 : 3명,"남 0 원 / 여 80,000 원",2025-07-13 ~ 2025-07-13,1,06:00 ~ 15:00,0원,"80,000원","80,000원",8888원,[55946] 전북특별자치도 임실군 삼계면 삼계리 876-9,여름,Ymh6AYgiign686f115d,2878
김상수 농가,"제초(팥, 콩)",총 2명 / 남 : 0명 / 여 : 2명,"남 0 원 / 여 120,000 원",2025-07-13 ~ 2025-07-13,1,08:00 ~ 17:00,0원,"120,000원","120,000원",13333원,[55907] 전북특별자치도 임실군 관촌면 상월리 111,여름,doVAV5sq8nl686b4442,188
오해일농가,배추심기(배추),총 8명 / 남 : 0명 / 여 : 8명,"남 0 원 / 여 100,000 원",2025-07-13 ~ 2025-07-13,1,08:00 ~ 17:00,0원,"100,000원","100,000원",11111원,[55410] 전북특별자치도 진안군 정천면 봉학리 1167,여름,HlVFO9uViE868672a04,988
김성진 농가,"재배, 농약(고추, 호박, 양파, 콩)",총 5명 / 남 : 4명 / 여 : 1명,"남 130,000 원 / 여 120,000 원",2025-07-12 ~ 2025-07-12,1,08:00 ~ 17:00,"130,000원","120,000원","125,000원",13888원,[56330] 전북특별자치도 부안군 보안면 우동길 47-38 (우동리) 1540721,여름,zmOCYsl5xQd68744a56,387
김창호농가,수확(블루베리),총 1명 / 남 : 1명 / 여 : 0명,"남 130,000 원 / 여 0 원",2025-07-12 ~ 2025-07-12,1,08:00 ~ 17:00,"130,000원",0원,"130,000원",14444원,[56335] 전북특별자치도 부안군 상서면 지석안길 7-12 (용서리) 1496011,여름,DdiS6MViRA568744980,714
정성식 농가,땅콩(땅콩),총 2명 / 남 : 0명 / 여 : 2명,"남 0 원 / 여 130,000 원",2025-07-12 ~ 2025-07-12,1,08:00 ~ 17:00,0원,"130,000원","130,000원",14444원,[56324] 전북특별자치도 부안군 줄포면 파산신성길 62 (파산리),여름,_K-VpziSxoO68737467,143
김귀연 농가(옥성농원),조경수 하우스 작업(조경수),총 1명 / 남 : 1명 / 여 : 0명,"남 150,000 원 / 여 100,000 원",2025-07-12 ~ 2025-07-12,1,08:00 ~ 17:00,"150,000원","100,000원","125,000원",13888원,완주군 삼례읍 삼례나들목로 142-73,여름,X2u9Ge_Y0Wt68720782,519
박규남 농가(조경수농장),육묘 관리(조경수),총 10명 / 남 : 1명 / 여 : 9명,"남 150,000 원 / 여 93,000 원",2025-07-12 ~ 2025-07-12,1,07:00 ~ 17:00,"150,000원","93,000원","121,500원",12150원,[55335] 완주군 삼례읍 석전리88-14 / 봉동읍 구암리 401-3 / 소양면 명덕리 736-1,여름,m48eSkTCTmG6871aa00,9885
오정숙 농장,"콩순 제거(콩, 고추,깨)",총 1명 / 남 : 1명 / 여 : 0명,"남 110,000 원 / 여 0 원",2025-07-12 ~ 2025-07-13,2,08:00 ~ 17:00,"110,000원",0원,"110,000원",12222원,[55928] 전북특별자치도 임실군 임실읍 현곡리 177-3,여름,7U4hPxLAJNh6870f2d0,8318
최춘규(고추농가),밭정리(콩),총 1명 / 남 : 1명 / 여 : 0명,"남 120,000 원 / 여 0 원",2025-07-12 ~ 2025-07-12,1,08:00 ~ 17:00,"120,000원",0원,"120,000원",13333원,[55607] 전북특별자치도 장수군 천천면 조신길 10-15 (춘송리),여름,6c52-p5g6Ds6870d44e,60
백양주 농가,작업(콩),총 2명 / 남 : 0명 / 여 : 2명,남 0 원 / 여 0 원,2025-07-12 ~ 2025-07-13,2,08:00 ~ 17:00,0원,0원,0원,계산불가,[56419] 전북특별자치도 고창군 성내면 도덕길 52-3 (덕산리),여름,fMKJZrrTlI86870b146,218
백창수농가,순집기(수박),총 4명 / 남 : 0명 / 여 : 4명,"남 0 원 / 여 90,000 원",2025-07-12 ~ 2025-07-14,3,08:00 ~ 17:00,0원,"90,000원","90,000원",10000원,[56419] 전북 고창군 성내면 부덕길 76-8 (부덕리),여름,Fb1fOUh_exe6870b0fe,831
오재동 농가,순집기(수박),총 4명 / 남 : 0명 / 여 : 4명,"남 0 원 / 여 90,000 원",2025-07-12 ~ 2025-07-12,1,08:00 ~ 17:00,0원,"90,000원","90,000원",10000원,[56456] 전북특별자치도 고창군 무장면 강남덕산길 10 (강남리),여름,04WjwgGE69y6870b0c1,365
전현철농장,작업(복분자),총 0명 / 남 : 0명 / 여 : 0명,"남 0 원 / 여 90,000 원",2025-07-12 ~ 2025-07-12,1,08:00 ~ 17:00,0원,"90,000원","90,000원",10000원,[56458] 전북 고창군 무장면 동학농민군로 416 (만화리) 축동정류장(난천교회) 부근(무장면만화리 351),여름,bjoFAel4_Qv6870af18,3320
김동훈 농장,블루베리 수확 및 선별(블루베리),총 4명 / 남 : 0명 / 여 : 4명,"남 0 원 / 여 110,000 원",2025-07-12 ~ 2025-07-13,2,05:00 ~ 14:00,0원,"110,000원","110,000원",12222원,[55920] 전북특별자치도 임실군 지사면 안하2길 16-65 (안하리),여름,tCPpKgI3PmY6870adee,580
정선자 농장,복숭아 수확(복숭아),총 1명 / 남 : 0명 / 여 : 1명,"남 0 원 / 여 110,000 원",2025-07-12 ~ 2025-07-13,2,06:00 ~ 15:00,0원,"110,000원","110,000원",12222원,[55957] 전북특별자치도 임실군 오수면 신기리350,여름,7UdkZTDcdWU6870ad24,618
장영자 농장,"거름칙기,약치기 등(고추, 감자, 양파)",총 4명 / 남 : 3명 / 여 : 1명,"남 110,000 원 / 여 110,000 원",2025-07-12 ~ 2025-07-13,2,06:00 ~ 15:00,"110,000원","110,000원","110,000원",12222원,[55919] 전북특별자치도 임실군 성수면 월삼로 29-4 (월평리),여름,Yi8V5PDJkks6870ace1,1127
변현섭 농장,고추수확(고추),총 4명 / 남 : 0명 / 여 : 4명,"남 0 원 / 여 100,000 원",2025-07-12 ~ 2025-07-13,2,06:00 ~ 15:00,0원,"100,000원","100,000원",11111원,[55922] 전북특별자치도 임실군 지사면 계산리 1081,여름,VCD-5cGU7OC6870aa03,3028
김막래 농가,"제초(콩, 고추)",총 1명 / 남 : 0명 / 여 : 1명,"남 110,000 원 / 여 110,000 원",2025-07-12 ~ 2025-07-12,1,08:00 ~ 17:00,"110,000원","110,000원","110,000원",12222원,[55914] 전북특별자치도 임실군 관촌면 병암리 349-22 관촌 농협 주유소 옆 밭,여름,EVoxfprQdgy6870a977,4889
정상국 농장,"제초, 순치기(복숭아)",총 1명 / 남 : 1명 / 여 : 0명,"남 110,000 원 / 여 110,000 원",2025-07-12 ~ 2025-07-13,2,07:00 ~ 16:00,"110,000원","110,000원","110,000원",12222원,[55909] 전북특별자치도 임실군 관촌면 관진로 151-7 (덕천리),여름,Sxl2GrvUWuD6870a934,344
강애숙농가,새싹삼심기(인삼),총 3명 / 남 : 0명 / 여 : 3명,"남 90,000 원 / 여 90,000 원",2025-07-12 ~ 2025-07-13,2,08:00 ~ 17:00,"90,000원","90,000원","90,000원",10000원,[55414] 전북특별자치도 진안군 부귀면 노래재로 69-7 (황금리),여름,vubLAM6nl_c687099a2,514
최진수 농장,"복숭아 수확, 선별, 상차 등(복숭아)",총 4명 / 남 : 1명 / 여 : 3명,"남 110,000 원 / 여 110,000 원",2025-07-12 ~ 2025-07-13,2,07:00 ~ 16:00,"110,000원","110,000원","110,000원",12222원,[55944] 전북특별자치도 임실군 삼계면 오지리 59-1,여름,XAp0JMKbTr-6870987d,1917
유인옥 농가(조경수),묘목 밭 매기(조경수),총 2명 / 남 : 0명 / 여 : 2명,"남 0 원 / 여 100,000 원",2025-07-12 ~ 2025-07-12,1,06:30 ~ 17:00,0원,"100,000원","100,000원",9523원,[55355] 완주군 소양면 명덕리 1138-3 (실주소지: 소양면 명덕리 1137-1),여름,lQ9bei85FG_68706dfb,3916
곽이운 농장,"고추 줄 묶기, 제초(고추, 참깨)",총 1명 / 남 : 1명 / 여 : 0명,"남 120,000 원 / 여 120,000 원",2025-07-12 ~ 2025-07-15,4,08:00 ~ 17:00,"120,000원","120,000원","120,000원",13333원,[55911] 전북특별자치도 임실군 신평면 가덕리 138,여름,oye5gEqt5gA687060e2,2585
백용기 농장,옥수수 수확(옥수수),총 4명 / 남 : 0명 / 여 : 4명,"남 100,000 원 / 여 100,000 원",2025-07-12 ~ 2025-07-12,1,06:00 ~ 15:00,"100,000원","100,000원","100,000원",11111원,[55903] 전북특별자치도 임실군 신덕면 신흥2길 17 (신흥리),여름,WbiH8E4DFrf686f383f,659
김화자 농가,수박 올리기(수박),총 3명 / 남 : 0명 / 여 : 3명,"남 110,000 원 / 여 100,000 원",2025-07-12 ~ 2025-07-13,2,08:00 ~ 17:00,"110,000원","100,000원","105,000원",11666원,[55421] 전북특별자치도 진안군 진안읍 구룡리 374-2,여름,3IFzl10EwvJ686dc7c4,1240
강이순 농가(천혜귀감),"대추 포장 및 운반 작업(대추, 마늘, 고추)",총 1명 / 남 : 1명 / 여 : 0명,"남 150,000 원 / 여 0 원",2025-07-12 ~ 2025-07-12,1,07:00 ~ 17:00,"150,000원",0원,"150,000원",15000원,[55302] 완주군 경천면 죽림길 22 (경천리),여름,kolsQZhExdB686b3543,1345
박규남 농가(조경수농장),육묘 하우스 관리(조경수),총 1명 / 남 : 1명 / 여 : 0명,"남 150,000 원 / 여 93,000 원",2025-07-11 ~ 2025-07-11,1,07:00 ~ 17:00,"150,000원","93,000원","121,500원",12150원,[55335] 완주군 삼례읍 석전리88-14 / 봉동읍 구암리 401-3 / 소양면 명덕리 736-1,여름,TE0rj00Pyxe6870cf7e,9885
우현근,"약치기, 가지 유인작업(복분자)",총 1명 / 남 : 0명 / 여 : 1명,"남 0 원 / 여 100,000 원",2025-07-11 ~ 2025-07-12,2,08:00 ~ 17:00,0원,"100,000원","100,000원",11111원,[00000] 적상면 삼유리 1891-1,여름,7yRlDxk0ER5687060e9,3551
"류운수 농가(고추, 생강농장)","제초작업(회양목, 마늘)",총 4명 / 남 : 0명 / 여 : 4명,"남 0 원 / 여 90,000 원",2025-07-11 ~ 2025-07-11,1,07:00 ~ 17:00,0원,"90,000원","90,000원",9000원,완주군 소양면 명덕리 산 196,여름,lbYsMcZ4PgY68705471,41950
백양주 농가,작업(모),총 1명 / 남 : 0명 / 여 : 1명,남 0 원 / 여 0 원,2025-07-11 ~ 2025-07-11,1,08:00 ~ 17:00,0원,0원,0원,계산불가,[56419] 전북특별자치도 고창군 성내면 도덕길 52-3 (덕산리),여름,ZDZ-pLZNIqi686f9997,218
백창수농가,순집기기(수박),총 4명 / 남 : 0명 / 여 : 4명,"남 0 원 / 여 90,000 원",2025-07-11 ~ 2025-07-11,1,08:00 ~ 17:00,0원,"90,000원","90,000원",10000원,[56419] 전북 고창군 성내면 부덕길 76-8 (부덕리),여름,_Js3EgaM9GT686f995b,831
김성진 농가,"재배, 농약(고추, 호박, 양파, 콩)",총 4명 / 남 : 4명 / 여 : 0명,"남 130,000 원 / 여 120,000 원",2025-07-11 ~ 2025-07-11,1,08:00 ~ 17:00,"130,000원","120,000원","125,000원",13888원,[56330] 전북특별자치도 부안군 보안면 우동길 47-38 (우동리) 1540721,여름,kKAuUJJFaZ2686f76c2,387
김창호농가,수확(블루베리),총 1명 / 남 : 1명 / 여 : 0명,"남 130,000 원 / 여 0 원",2025-07-11 ~ 2025-07-11,1,08:00 ~ 17:00,"130,000원",0원,"130,000원",14444원,[56335] 전북특별자치도 부안군 상서면 지석안길 7-12 (용서리) 1496011,여름,qa4PfDmxT7M686f7691,714
장시호 농장,"고추 순따기, 줄치기, 약치기 등(고추)",총 1명 / 남 : 0명 / 여 : 1명,"남 0 원 / 여 120,000 원",2025-07-11 ~ 2025-07-13,3,06:00 ~ 15:00,0원,"120,000원","120,000원",13333원,[55911] 전북특별자치도 임실군 신평면 가덕2길 41 (가덕리),여름,eJDUIk7_4Tc686f7687,650
송은주 농가,"수확, 재배(고추, 호박)",총 1명 / 남 : 0명 / 여 : 1명,"남 0 원 / 여 90,000 원",2025-07-11 ~ 2025-07-12,2,08:00 ~ 17:00,0원,"90,000원","90,000원",10000원,[56310] 전북특별자치도 부안군 부안읍 서문로 2-1 (서외리),여름,s9NJTFGQvSX686f765e,719
이경준농가,비닐씌우기(복숭아),총 5명 / 남 : 0명 / 여 : 5명,"남 0 원 / 여 130,000 원",2025-07-11 ~ 2025-07-11,1,08:00 ~ 17:00,0원,"130,000원","130,000원",14444원,[56324] 전북특별자치도 부안군 줄포면 목상길 22-4 (난산리) (1541316),여름,i68Ki8ESaYv686f7626,529
박인영 농가,고추풀작업(고추),총 1명 / 남 : 0명 / 여 : 1명,"남 0 원 / 여 120,000 원",2025-07-11 ~ 2025-07-11,1,08:00 ~ 17:00,0원,"120,000원","120,000원",13333원,부안군 보안면 보안로 513 2540719,여름,22t8vx2XrNS686f75bb,707
임삼채,파종(옥수수),총 2명 / 남 : 0명 / 여 : 2명,"남 0 원 / 여 100,000 원",2025-07-11 ~ 2025-07-14,4,08:00 ~ 17:00,0원,"100,000원","100,000원",11111원,"적상면 사산리 105, 120",여름,asQ4PuFYA3o686f7555,3914
심형순 농장,블루베리 수확 및 포장(블루베리),총 2명 / 남 : 0명 / 여 : 2명,"남 0 원 / 여 100,000 원",2025-07-11 ~ 2025-07-12,2,05:00 ~ 14:00,0원,"100,000원","100,000원",11111원,[55919] 전북특별자치도 임실군 성수면 월평서길 25 (월평리),여름,C5S5owUO7sa686f73a2,1137
전유진농가,작업(모),총 2명 / 남 : 2명 / 여 : 0명,"남 120,000 원 / 여 110,000 원",2025-07-11 ~ 2025-07-13,3,08:00 ~ 17:00,"120,000원","110,000원","115,000원",12777원,[56458] 전북 고창군 무장면 봉촌길 65 (만화리),여름,x3pi6Y-BduG686f737b,572
하재국 농장,수확 및 상차(복숭아),총 3명 / 남 : 1명 / 여 : 2명,"남 110,000 원 / 여 110,000 원",2025-07-11 ~ 2025-07-13,3,05:00 ~ 15:00,"110,000원","110,000원","110,000원",11000원,[55948] 전북특별자치도 임실군 오수면 봉천리 741-3,여름,#NAME?,1969
차원무 농가,상추 수확(상추),총 1명 / 남 : 0명 / 여 : 1명,"남 0 원 / 여 110,000 원",2025-07-11 ~ 2025-07-13,3,06:00 ~ 16:00,0원,"110,000원","110,000원",11000원,[55946] 전북특별자치도 임실군 삼계면 충효로 1187 (홍곡리),여름,P1yDLwmzAGc686f57bb,5965
박수근,수확 및 정리(맥문동),총 2명 / 남 : 0명 / 여 : 2명,"남 0 원 / 여 110,000 원",2025-07-11 ~ 2025-07-12,2,08:00 ~ 17:00,0원,"110,000원","110,000원",12222원,무주읍 용포리 266-2,여름,3ctCve3CmOu686f35fb,2238
임소형,"순따기, 풀약처리(포도, 옥수수)",총 1명 / 남 : 1명 / 여 : 0명,"남 140,000 원 / 여 0 원",2025-07-11 ~ 2025-07-14,4,08:00 ~ 17:00,"140,000원",0원,"140,000원",15555원,무풍면 증산리 1170,여름,tG5oW5pgGpP686f1ced,1964
김성숙 농가,조경수 밭매기(조경수),총 3명 / 남 : 0명 / 여 : 3명,"남 0 원 / 여 100,000 원",2025-07-11 ~ 2025-07-12,2,08:00 ~ 17:00,0원,"100,000원","100,000원",11111원,[55458] 전북특별자치도 진안군 성수면 좌포리 1992,여름,yJfiTPMSd2F686f040d,3091
최정진농장,수확(블루베리),총 2명 / 남 : 1명 / 여 : 1명,"남 120,000 원 / 여 110,000 원",2025-07-11 ~ 2025-07-12,2,08:00 ~ 17:00,"120,000원","110,000원","115,000원",12777원,[56410] 전북 고창군 상하면 하장1길 3 (하장리) 농장)상하면하장리1길3,여름,ft4hluDWyLV686e251f,497
칠보단장(정영숙),수확 및 하우스 관리(블루베리),총 2명 / 남 : 1명 / 여 : 1명,남 0 원 / 여 0 원,2025-07-11 ~ 2025-07-12,2,08:00 ~ 17:00,0원,0원,0원,계산불가,[56410] 전북 고창군 상하면 회정길 61 (하장리),여름,knCR6oXv5Sa686e24ed,555
최경아 농가(조움농산),"보리씻기 및 하우스 정리(호박, 보리)",총 1명 / 남 : 1명 / 여 : 0명,"남 100,000 원 / 여 0 원",2025-07-11 ~ 2025-07-12,2,08:00 ~ 17:00,"100,000원",0원,"100,000원",11111원,[55346] 완주군 소양면 곰티로 21 (화심리) (작업장) 조움농산 송광수만로 227-1,여름,iVlVP8q6I1w686debeb,2130
홍현숙,풀메기(인삼),총 2명 / 남 : 0명 / 여 : 2명,"남 0 원 / 여 110,000 원",2025-07-11 ~ 2025-07-11,1,08:00 ~ 17:00,0원,"110,000원","110,000원",12222원,적상면 삼유리 1863-2,여름,OOOxNoSO8qk686c80bc,670
이승자 농장,옥수수 수확(옥수수),총 9명 / 남 : 3명 / 여 : 6명,"남 100,000 원 / 여 100,000 원",2025-07-11 ~ 2025-07-11,1,07:00 ~ 16:00,"100,000원","100,000원","100,000원",11111원,[55903] 전북특별자치도 임실군 신덕면 신흥2길 25 (신흥리),여름,M2wtEFeZ_tY686c68c8,1601
이화성 농가,당근 씨받기(당근),총 1명 / 남 : 0명 / 여 : 1명,"남 0 원 / 여 120,000 원",2025-07-10 ~ 2025-07-10,1,08:00 ~ 17:00,0원,"120,000원","120,000원",13333원,[56321] 전북특별자치도 부안군 백산면 왕금길 48 (금판리),여름,Fl04A6_tC2r686f818d,182
이민열농가,양파 망(양파),총 2명 / 남 : 1명 / 여 : 1명,"남 130,000 원 / 여 120,000 원",2025-07-10 ~ 2025-07-11,2,08:00 ~ 17:00,"130,000원","120,000원","125,000원",13888원,[56302] 전북특별자치도 부안군 동진면 내동길 28-1 (증산리),여름,LqGB1LmDIe_686f7569,274
김란수 농가,대파 포장(대파),총 7명 / 남 : 0명 / 여 : 7명,"남 0 원 / 여 130,000 원",2025-07-10 ~ 2025-07-10,1,08:00 ~ 17:00,0원,"130,000원","130,000원",14444원,[56332] 전북특별자치도 부안군 하서면 노계길 29 (백련리),여름,dDYTu4OMZRv686f6c8e,757
오성근 농가(주예농원),나무 식재 및 관리(조경수),총 4명 / 남 : 0명 / 여 : 4명,"남 0 원 / 여 90,000 원",2025-07-10 ~ 2025-07-11,2,07:00 ~ 17:30,0원,"90,000원","90,000원",8571원,[55353] 완주군 용진읍 하이1길 101-104 (상삼리),여름,N9JRHgR8BVc686f3a57,343
김귀연 농가(옥성농원),조경수 하우스 작업(조경수),총 10명 / 남 : 1명 / 여 : 9명,"남 150,000 원 / 여 100,000 원",2025-07-10 ~ 2025-07-11,2,08:00 ~ 17:00,"150,000원","100,000원","125,000원",13888원,완주군 삼례읍 삼례나들목로 142-73,여름,8uhuXOzn32t686f256d,519
전형섭 농가(반석농장),화훼 하우스 관리(원예),총 2명 / 남 : 0명 / 여 : 2명,"남 0 원 / 여 90,000 원",2025-07-10 ~ 2025-07-11,2,08:00 ~ 18:00,0원,"90,000원","90,000원",9000원,"[55333] 완주군 삼례읍 신금리 212-11 212-5, (농장) 석전리 309-1 (화원)삼례나들목로268",여름,XjXIZ6FegEA686f0b4b,8010
이순오 농가(축산농장),사료공급 및 배설물 청소 축사 관리(한우),총 1명 / 남 : 1명 / 여 : 0명,"남 110,000 원 / 여 0 원",2025-07-10 ~ 2025-07-11,2,08:00 ~ 18:00,"110,000원",0원,"110,000원",11000원,[55336] 완주군 삼례읍 해전1길 128-12 (해전리),여름,XhvsBB9tXsd686f09e0,2213
김영대 농가(샘물농장),"깻잎 수확,포장(깻잎)",총 2명 / 남 : 1명 / 여 : 1명,"남 90,000 원 / 여 90,000 원",2025-07-10 ~ 2025-07-10,1,05:00 ~ 14:00,"90,000원","90,000원","90,000원",10000원,[55312] 완주군 고산면 남봉신기길 110 (남봉리),여름,pyxKNZA9YRd686f0791,1560
윤정구 농가(블루베리농장),"가지치기, 블루베리 수확(블루베리)",총 3명 / 남 : 0명 / 여 : 3명,"남 100,000 원 / 여 90,000 원",2025-07-10 ~ 2025-07-12,3,07:00 ~ 17:00,"100,000원","90,000원","95,000원",9500원,[55302] 완주군 경천면 죽림길 30-6 (경천리),여름,auq0lY6J6n5686f05ce,649
박원식 농가,"소여물주기, 축사정돈(축사)",총 1명 / 남 : 0명 / 여 : 1명,"남 0 원 / 여 100,000 원",2025-07-10 ~ 2025-07-11,2,08:00 ~ 17:00,0원,"100,000원","100,000원",11111원,[56336] 전북특별자치도 부안군 상서면 회시길 47-36 (감교리),여름,nVddXgckEto686f0457,290
송기수 농가,축사 관리(소),총 1명 / 남 : 0명 / 여 : 1명,"남 0 원 / 여 120,000 원",2025-07-10 ~ 2025-07-11,2,08:00 ~ 17:00,0원,"120,000원","120,000원",13333원,[56335] 전북특별자치도 부안군 상서면 부안로 2203-26 (고잔리),여름,tCibM8oJiP5686f0436,3340
김옥봉 농가,"물주기, 재배(고추, 깨)",총 1명 / 남 : 0명 / 여 : 1명,"남 0 원 / 여 90,000 원",2025-07-10 ~ 2025-07-10,1,08:00 ~ 17:00,0원,"90,000원","90,000원",10000원,[56324] 전북특별자치도 부안군 줄포면,여름,eAvC-1XnfOb686f03ef,650
경태호농가,상추작업(상추),총 3명 / 남 : 0명 / 여 : 3명,"남 100,000 원 / 여 100,000 원",2025-07-10 ~ 2025-07-11,2,08:00 ~ 17:00,"100,000원","100,000원","100,000원",11111원,[55460] 전북특별자치도 진안군 성수면 가외반로 174 (좌산리),여름,A3ckEgWio2C686f0382,555
김후남 농장,수확 및 상차(복숭아),총 2명 / 남 : 1명 / 여 : 1명,"남 110,000 원 / 여 110,000 원",2025-07-10 ~ 2025-07-13,4,07:00 ~ 16:00,"110,000원","110,000원","110,000원",12222원,[55949] 전북특별자치도 임실군 오수면 오암리 1063,여름,Rw-9fdPwTHF686efafe,2188
백양주 농가,작업(모),총 1명 / 남 : 0명 / 여 : 1명,남 0 원 / 여 0 원,2025-07-10 ~ 2025-07-10,1,08:00 ~ 17:00,0원,0원,0원,계산불가,[56419] 전북특별자치도 고창군 성내면 도덕길 52-3 (덕산리),여름,ctvod31fcLB686e6e24,218
백창수농가,순집기기(수박),총 4명 / 남 : 0명 / 여 : 4명,"남 0 원 / 여 90,000 원",2025-07-10 ~ 2025-07-10,1,08:00 ~ 17:00,0원,"90,000원","90,000원",10000원,[56419] 전북 고창군 성내면 부덕길 76-8 (부덕리),여름,dUFH9416VO9686e6df0,831
이남재 농장,복숭아 수확 및 상차 선별(복숭아),총 2명 / 남 : 1명 / 여 : 1명,"남 150,000 원 / 여 110,000 원",2025-07-10 ~ 2025-07-11,2,08:00 ~ 17:00,"150,000원","110,000원","130,000원",14444원,[55957] 전북특별자치도 임실군 오수면 용두리 산50,여름,Ab87fyz-tPV686e65ab,4875
전정환 농장,부추 수확(부추),총 5명 / 남 : 0명 / 여 : 5명,"남 0 원 / 여 80,000 원",2025-07-10 ~ 2025-07-11,2,06:00 ~ 15:00,0원,"80,000원","80,000원",8888원,[55905] 전북특별자치도 임실군 운암면 선거1길 58 (선거리)/선거리보건지소 선거리1030-6 선거리1030-6,여름,ifS7dbX05OC686e651f,443
전일주농가,복분자 가지치기(복분자),총 4명 / 남 : 0명 / 여 : 4명,"남 0 원 / 여 110,000 원",2025-07-10 ~ 2025-07-11,2,08:00 ~ 17:00,0원,"110,000원","110,000원",12222원,[55451] 전북특별자치도 진안군 마령면 저수지아래,여름,QNoSRtW0qTq686e46f7,1000
김재순(나태농원),적과작업(사과),총 4명 / 남 : 1명 / 여 : 3명,"남 120,000 원 / 여 120,000 원",2025-07-10 ~ 2025-07-12,3,08:00 ~ 17:00,"120,000원","120,000원","120,000원",13333원,[55605] 전북특별자치도 장수군 천천면 오봉리 296,여름,hdAEWMEMdHQ686e31ae,6802
김막래 농가,콩 보식(콩),총 2명 / 남 : 0명 / 여 : 2명,"남 110,000 원 / 여 110,000 원",2025-07-10 ~ 2025-07-10,1,08:00 ~ 17:00,"110,000원","110,000원","110,000원",12222원,[55914] 전북특별자치도 임실군 신평면 대리 60번지,여름,VgdvMVzms7a686e2e0c,1408
김병수농가,작업(복북자),총 0명 / 남 : 0명 / 여 : 0명,남 0 원 / 여 0 원,2025-07-10 ~ 2025-07-11,2,08:00 ~ 17:00,0원,0원,0원,계산불가,[56465] 전북특별자치도 고창군 성송면 손화중로 80 (판정리),여름,OsInWM0Y9yS686e2ce9,2094
김인숙 농가,블루베리 수확(블루베리),총 4명 / 남 : 0명 / 여 : 4명,"남 0 원 / 여 100,000 원",2025-07-10 ~ 2025-07-10,1,08:00 ~ 17:00,0원,"100,000원","100,000원",11111원,[55412] 전북특별자치도 진안군 진안읍 내사양길 59-28,여름,yayPgwSryTH686e27a9,1349
강병근 농가,작업(인삼),총 5명 / 남 : 0명 / 여 : 5명,남 0 원 / 여 0 원,2025-07-10 ~ 2025-07-11,2,08:00 ~ 17:00,0원,0원,0원,계산불가,[56465] 전북특별자치도 고창군 성송면 선동길 35 (계당리),여름,DxUo6Hhb8AB686e22b1,999
정승환 농가(조경수),조경수 풀매기(조경수),총 6명 / 남 : 0명 / 여 : 6명,"남 0 원 / 여 100,000 원",2025-07-10 ~ 2025-07-10,1,08:00 ~ 17:00,0원,"100,000원","100,000원",11111원,[55357] 완주군 소양면 신교안길 18-3 (신교리) 원신교,여름,Huh2-m-aA8E686e1e76,334
최옥란 농가(조경수),풀매기 및 꽃나무 심기(조경수),총 3명 / 남 : 0명 / 여 : 3명,"남 0 원 / 여 100,000 원",2025-07-10 ~ 2025-07-12,3,07:00 ~ 17:30,0원,"100,000원","100,000원",9523원,[55346] 완주군 소양면 곰티로 21 (화심리) (화심리 동상로 31-9),여름,L6qg_ID8FsJ686e1e4d,2155
성윤호농가,터널정식(수박),총 0명 / 남 : 0명 / 여 : 0명,"남 0 원 / 여 90,000 원",2025-07-10 ~ 2025-07-11,2,08:00 ~ 17:00,0원,"90,000원","90,000원",10000원,[56408] 전북 고창군 상하면 장호로 83-17 (장산리),여름,ysPQ2_MjYRz686e12bb,612
정대성,박스접기(복숭아),총 4명 / 남 : 0명 / 여 : 4명,"남 0 원 / 여 100,000 원",2025-07-10 ~ 2025-07-10,1,08:00 ~ 17:00,0원,"100,000원","100,000원",11111원,적상면 마산길 71,여름,0tPgJg85Fhr686e0cd0,1287
정성균,박스접기(복숭아),총 4명 / 남 : 0명 / 여 : 4명,"남 0 원 / 여 100,000 원",2025-07-10 ~ 2025-07-10,1,08:00 ~ 17:00,0원,"100,000원","100,000원",11111원,적상면 마산길 71,여름,uZQGXbA9pcA686e0cb2,1287
윤정순,박스접기(복숭아),총 4명 / 남 : 0명 / 여 : 4명,"남 0 원 / 여 100,000 원",2025-07-10 ~ 2025-07-10,1,08:00 ~ 17:00,0원,"100,000원","100,000원",11111원,적상면 마산길 71,여름,BbN7CUxk5DC686e0b3a,1287
김옥선 농가,"깨 솎아내기, 수박 순작업(깨, 수박)",총 6명 / 남 : 0명 / 여 : 6명,"남 0 원 / 여 100,000 원",2025-07-10 ~ 2025-07-12,3,06:00 ~ 18:00,0원,"100,000원","100,000원",8333원,[55441] 전북특별자치도 진안군 진안읍 연장리 1581-6(깨),여름,s5ttvTsyv-G686e0459,694
최화순농가,복분자수확(복분자),총 0명 / 남 : 0명 / 여 : 0명,남 0 원 / 여 0 원,2025-07-10 ~ 2025-07-11,2,08:00 ~ 17:00,0원,0원,0원,계산불가,[56411] 전북특별자치도 고창군 흥덕면 후포후동길 14-20 (후포리) 후포리 628-1,여름,FJ1zABVeMob686df989,3581
이건웅,밭 풀메기(블루베리),총 4명 / 남 : 0명 / 여 : 4명,"남 0 원 / 여 100,000 원",2025-07-10 ~ 2025-07-10,1,08:00 ~ 17:00,0원,"100,000원","100,000원",11111원,적상면 괴목리 1503,여름,Rh45ta0XoIy686df5c6,1676
박상우농가,"복분자, 수박밭(복분자, 수박)",총 3명 / 남 : 1명 / 여 : 2명,"남 150,000 원 / 여 110,000 원",2025-07-10 ~ 2025-07-11,2,08:00 ~ 17:00,"150,000원","110,000원","130,000원",14444원,"[55450] 전북특별자치도 진안군 마령면 원동촌길 13-4, 마령면 동촌리 612",여름,9f3XisgpyKA686dce46,4404
이진수 농장,옥수수 수확(옥수수 수확),총 10명 / 남 : 2명 / 여 : 8명,"남 100,000 원 / 여 100,000 원",2025-07-10 ~ 2025-07-10,1,06:00 ~ 15:00,"100,000원","100,000원","100,000원",11111원,[55903] 전북특별자치도 임실군 신덕면 신흥2길 31 (신흥리),여름,kebIeMdTg11686db003,228
황길호 농장,제초(콩),총 1명 / 남 : 1명 / 여 : 0명,"남 110,000 원 / 여 0 원",2025-07-10 ~ 2025-07-15,6,08:00 ~ 17:00,"110,000원",0원,"110,000원",12222원,[55931] 전북특별자치도 임실군 임실읍 임운로 235-23 (현곡리),여름,r44B54jQ3i6686cacb9,2429
김경복농가,인삼 밭 매기(인삼),총 4명 / 남 : 0명 / 여 : 4명,"남 0 원 / 여 110,000 원",2025-07-10 ~ 2025-07-11,2,07:00 ~ 16:00,0원,"110,000원","110,000원",12222원,[55440] 전북특별자치도 진안군 부귀면 곰티로 1287 진안읍 연장리 988,여름,hRtsB5RgNpw686ca0a1,13309
정성모 농가(블루베리),"마늘 밭 관리(마늘, 블루베리, 감자)",총 8명 / 남 : 3명 / 여 : 5명,"남 100,000 원 / 여 100,000 원",2025-07-10 ~ 2025-07-10,1,07:00 ~ 17:00,"100,000원","100,000원","100,000원",10000원,[55363] 완주군 구이면 계곡리 629-1,여름,5gM66IrNCH4686c9ee4,869
신용기 농가,가지따기(가지),총 3명 / 남 : 0명 / 여 : 3명,"남 0 원 / 여 100,000 원",2025-07-10 ~ 2025-07-10,1,06:00 ~ 14:00,0원,"100,000원","100,000원",12500원,[55403] 전북특별자치도 진안군 주천면 운봉리 238,여름,2M2GFYHjydX686c8383,3571
곽소현 농가(조경수농장),밭매기 및 하우스 관리(조경수),총 3명 / 남 : 0명 / 여 : 3명,"남 0 원 / 여 100,000 원",2025-07-10 ~ 2025-07-12,3,08:00 ~ 17:00,0원,"100,000원","100,000원",11111원,[55358] 완주군 상관면 만덕산길 103-27 / 마치신덕길 5 (마치리) 306-2 (구이작업장) 구이면 덕천리 1486-1,여름,8NhJcVE48Vj686c63a2,6281
정해식,풀메기(복분자),총 2명 / 남 : 0명 / 여 : 2명,"남 0 원 / 여 100,000 원",2025-07-10 ~ 2025-07-13,4,08:00 ~ 17:00,0원,"100,000원","100,000원",11111원,적상면 삼유리 201,여름,UEtM-UrKAXD686b0f6b,2741
정준모(블루베리 농장),블루베리 수확(블루베리),총 5명 / 남 : 0명 / 여 : 5명,"남 0 원 / 여 100,000 원",2025-07-10 ~ 2025-07-12,3,07:00 ~ 17:00,0원,"100,000원","100,000원",10000원,[55363] 완주군 구이면 계곡리 596,여름,n7Ae1QFKxWG686a0aad,1341
김용배,수확(블루베리),총 4명 / 남 : 0명 / 여 : 4명,"남 0 원 / 여 100,000 원",2025-07-10 ~ 2025-07-10,1,08:00 ~ 17:00,0원,"100,000원","100,000원",11111원,적상면 포내리 957-1,여름,omFkcFq5PSz6865d19c,1478
신보순농장,들깨(들깨),총 1명 / 남 : 1명 / 여 : 0명,"남 130,000 원 / 여 0 원",2025-07-09 ~ 2025-07-10,2,08:00 ~ 17:00,"130,000원",0원,"130,000원",14444원,[56333] [56333] 전북특별자치도 부안군 하서면 용와1길 28-7 (석상리) 보순 보순,여름,lRVemyhhj4U686df32a,810
이경준농가,비닐씌우기(복숭아),총 7명 / 남 : 0명 / 여 : 7명,"남 0 원 / 여 130,000 원",2025-07-09 ~ 2025-07-10,2,08:00 ~ 17:00,0원,"130,000원","130,000원",14444원,[56324] 전북특별자치도 부안군 줄포면 목상길 22-4 (난산리) (1541316),여름,5kyNgLTa3UT686dea5b,529
김성진 농가,"재배, 농약(고추)",총 4명 / 남 : 4명 / 여 : 0명,"남 130,000 원 / 여 120,000 원",2025-07-09 ~ 2025-07-10,2,08:00 ~ 17:00,"130,000원","120,000원","125,000원",13888원,[56330] 전북특별자치도 부안군 보안면 우동길 47-38 (우동리) 1540721,여름,EMvoUFNjlR5686de9f4,387
김창호농가,수확(블루베리),총 1명 / 남 : 1명 / 여 : 0명,"남 130,000 원 / 여 0 원",2025-07-09 ~ 2025-07-10,2,08:00 ~ 17:00,"130,000원",0원,"130,000원",14444원,[56335] 전북특별자치도 부안군 상서면 지석안길 7-12 (용서리) 1496011,여름,XP211jaeuKT686de964,714
김금봉 농가,재배(깻잎),총 1명 / 남 : 0명 / 여 : 1명,"남 0 원 / 여 110,000 원",2025-07-09 ~ 2025-07-09,1,08:00 ~ 17:00,0원,"110,000원","110,000원",12222원,[56324] 전북특별자치도 부안군 줄포면 본동길 8,여름,supAI75_ohf686dcd0c,1028
이명숙 농가(딸기농장),"하우스 관리(토마토, 딸기)",총 2명 / 남 : 1명 / 여 : 1명,"남 120,000 원 / 여 100,000 원",2025-07-09 ~ 2025-07-09,1,07:00 ~ 17:00,"120,000원","100,000원","110,000원",11000원,[55335] 완주군 삼례읍 만경강로 17-5 (하리),여름,7yfG2uxcbxB686dc31b,1838
손종성 농가,마늘담기(마늘),총 1명 / 남 : 1명 / 여 : 0명,"남 100,000 원 / 여 100,000 원",2025-07-09 ~ 2025-07-10,2,08:00 ~ 17:00,"100,000원","100,000원","100,000원",11111원,[55417] 전북특별자치도 진안군 부귀면 신정리 252-4,여름,6Q4xbNgHC2C686dae9b,2951
김병수농가,작업(복북자),총 0명 / 남 : 0명 / 여 : 0명,남 0 원 / 여 0 원,2025-07-09 ~ 2025-07-09,1,08:00 ~ 17:00,0원,0원,0원,계산불가,[56465] 전북특별자치도 고창군 성송면 손화중로 80 (판정리),여름,EguhSTfQxKv686d214c,2094
박철순 농장,고추수확(고추),총 3명 / 남 : 0명 / 여 : 3명,"남 0 원 / 여 110,000 원",2025-07-09 ~ 2025-07-10,2,07:00 ~ 16:00,0원,"110,000원","110,000원",12222원,[55942] 전북특별자치도 임실군 덕치면 사곡리988-4,여름,3-bQS_8ylBR686cfd9c,573
김흥중 농장,"조경수 예초기 작업, 고추 순따기, 상추수확 등(조경수, 고추,상추)",총 7명 / 남 : 5명 / 여 : 2명,"남 150,000 원 / 여 120,000 원",2025-07-09 ~ 2025-07-13,5,06:00 ~ 15:00,"150,000원","120,000원","135,000원",15000원,[55905] 전북특별자치도 임실군 운암면 선거리 산134,여름,YMWjvXqiFdP686cfced,15174
백창수농가,순집기기(수박),총 4명 / 남 : 0명 / 여 : 4명,"남 0 원 / 여 90,000 원",2025-07-09 ~ 2025-07-09,1,08:00 ~ 17:00,0원,"90,000원","90,000원",10000원,[56419] 전북 고창군 성내면 부덕길 76-8 (부덕리),여름,sVDgrHIvtQs686cfba1,831
오재동 농가,순집기(수박),총 5명 / 남 : 0명 / 여 : 5명,"남 0 원 / 여 90,000 원",2025-07-09 ~ 2025-07-09,1,08:00 ~ 17:00,0원,"90,000원","90,000원",10000원,[56456] 전북특별자치도 고창군 무장면 강남덕산길 10 (강남리),여름,FvOxe_4sSmg686cfb80,365
김미자 농장,"오이 재배(방울토마토, 토마토)",총 1명 / 남 : 0명 / 여 : 1명,"남 0 원 / 여 80,000 원",2025-07-09 ~ 2025-07-15,7,07:00 ~ 17:00,0원,"80,000원","80,000원",8000원,전북특별자치도 임실군 청웅면 옥전4길 19 (옥전리) 옥전리 1459-3,여름,sJL95gw4bx_686cb460,2551
송재덕(백두농원),"포도 알 솎기 작업(사과, 포도)",총 2명 / 남 : 0명 / 여 : 2명,"남 100,000 원 / 여 100,000 원",2025-07-09 ~ 2025-07-12,4,08:00 ~ 17:00,"100,000원","100,000원","100,000원",11111원,[55621] 전북특별자치도 장수군 장계면 의암로 320-22 (집) 계남면 신전리 175/신전리 337,여름,m2t7Tbg_FmO686c998e,3557
김화자 농가,수박 순접기(수박),총 3명 / 남 : 0명 / 여 : 3명,"남 110,000 원 / 여 100,000 원",2025-07-09 ~ 2025-07-10,2,08:00 ~ 17:00,"110,000원","100,000원","105,000원",11666원,[55421] 전북특별자치도 진안군 진안읍 구룡리 374-2,여름,0d4cjKV1crx686c7e41,1240
박상우농가,"복분자, 수박밭(복분자, 수박)",총 4명 / 남 : 3명 / 여 : 1명,"남 150,000 원 / 여 110,000 원",2025-07-09 ~ 2025-07-09,1,08:00 ~ 17:00,"150,000원","110,000원","130,000원",14444원,"[55450] 전북특별자치도 진안군 마령면 원동촌길 13-4, 마령면 동촌리 612",여름,LUODBY0tMvc686c761b,4404
양업진,수확(블루베리),총 8명 / 남 : 2명 / 여 : 6명,"남 110,000 원 / 여 100,000 원",2025-07-09 ~ 2025-07-12,4,08:00 ~ 17:00,"110,000원","100,000원","105,000원",11666원,안성면 공진리 1043-1,여름,YyqLx3zDe20686c6cb6,2354
선수진,수확(블루베리),총 6명 / 남 : 1명 / 여 : 5명,"남 110,000 원 / 여 100,000 원",2025-07-09 ~ 2025-07-12,4,08:00 ~ 17:00,"110,000원","100,000원","105,000원",11666원,안성면 안성로 81-11,여름,oyknMQMzInC686c6bdb,840
박영숙,수확(블루베리),총 1명 / 남 : 1명 / 여 : 0명,"남 100,000 원 / 여 0 원",2025-07-09 ~ 2025-07-12,4,08:00 ~ 17:00,"100,000원",0원,"100,000원",11111원,안성면 덕유산로 108-13,여름,C_3zzDGvQlz686c6a30,3765
김기모,수확(블루베리),총 4명 / 남 : 1명 / 여 : 3명,"남 110,000 원 / 여 100,000 원",2025-07-09 ~ 2025-07-12,4,08:00 ~ 17:00,"110,000원","100,000원","105,000원",11666원,안성면 칠연로 235-40,여름,maRjchAu2O8686c69ae,1722
라남구,열매 솎기(포도),총 2명 / 남 : 1명 / 여 : 1명,"남 100,000 원 / 여 100,000 원",2025-07-09 ~ 2025-07-12,4,08:00 ~ 17:00,"100,000원","100,000원","100,000원",11111원,설천면 길산리 694,여름,McgcRMe7znF686c679a,2442
김양애,"전지,열매 솎기(복분자,포도)",총 2명 / 남 : 1명 / 여 : 1명,"남 100,000 원 / 여 100,000 원",2025-07-09 ~ 2025-07-12,4,08:00 ~ 17:00,"100,000원","100,000원","100,000원",11111원,설천면 기곡리 1149,여름,W7JoKBnWvkT686c6734,2497
김경희,열매 솎기(포도),총 3명 / 남 : 0명 / 여 : 3명,"남 0 원 / 여 100,000 원",2025-07-09 ~ 2025-07-12,4,08:00 ~ 17:00,0원,"100,000원","100,000원",11111원,"설천면 길산리 514, 650",여름,tRthrOORSru686c6626,2887
권명오,수확(블루베리),총 2명 / 남 : 2명 / 여 : 0명,"남 120,000 원 / 여 0 원",2025-07-09 ~ 2025-07-12,4,08:00 ~ 17:00,"120,000원",0원,"120,000원",13333원,설천면 장덕리 224,여름,fx4rY4E-nzJ686c65cf,1704
권금숙,수확(블루베리),총 2명 / 남 : 1명 / 여 : 1명,"남 120,000 원 / 여 100,000 원",2025-07-09 ~ 2025-07-12,4,08:00 ~ 17:00,"120,000원","100,000원","110,000원",12222원,설천면 장덕리 227-1,여름,dbFtyTEtgit686c656f,3338
이태일,"수확,열매솎기(블루베리,사과)",총 1명 / 남 : 0명 / 여 : 1명,"남 0 원 / 여 100,000 원",2025-07-09 ~ 2025-07-12,4,08:00 ~ 17:00,0원,"100,000원","100,000원",11111원,무풍면 금평리 2033-24,여름,GTJspYn6K2J686c651a,15008
유성림,"육묘, 하우스정비(배추, 옥수수)",총 1명 / 남 : 1명 / 여 : 0명,"남 150,000 원 / 여 0 원",2025-07-09 ~ 2025-07-12,4,08:00 ~ 17:00,"150,000원",0원,"150,000원",16666원,무풍면 철목리 553-5,여름,4_b0uC_H2FD686c64cb,1044
이강필 농장,"복숭아 수확 및 상차, 순치기 작업 등(복숭아)",총 5명 / 남 : 2명 / 여 : 3명,"남 110,000 원 / 여 110,000 원",2025-07-09 ~ 2025-07-13,5,06:00 ~ 15:00,"110,000원","110,000원","110,000원",12222원,[55957] 전북특별자치도 임실군 오수면 둔기길 136 (둔기리),여름,7mBz_aT8XM0686b8c08,3300
전쌍순,열매 솎기(사과),총 2명 / 남 : 0명 / 여 : 2명,"남 0 원 / 여 110,000 원",2025-07-09 ~ 2025-07-13,5,08:00 ~ 17:00,0원,"110,000원","110,000원",12222원,무풍면 지성리 438-5,여름,S7uQzaleLgV686b78bd,9838
오성근 농가(주예농원),나무 식재 및 관리(조경수),총 3명 / 남 : 0명 / 여 : 3명,"남 0 원 / 여 90,000 원",2025-07-09 ~ 2025-07-09,1,07:00 ~ 17:30,0원,"90,000원","90,000원",8571원,[55353] 완주군 용진읍 하이1길 101-104 (상삼리),여름,aGH85VDySzN686b35f7,343
박문기 농가(조경수),식재 및 제조작업(조경수),총 3명 / 남 : 0명 / 여 : 3명,"남 0 원 / 여 90,000 원",2025-07-09 ~ 2025-07-12,4,07:00 ~ 18:00,0원,"90,000원","90,000원",8181원,[55348] 완주군 소양면 대흥문화길 38 (대흥리),여름,Wz4JADXkwVn686a0a88,411
이민열농가,양파  담기(양파),총 1명 / 남 : 1명 / 여 : 0명,"남 130,000 원 / 여 0 원",2025-07-08 ~ 2025-07-09,2,08:00 ~ 17:00,"130,000원",0원,"130,000원",14444원,[56302] 전북특별자치도 부안군 동진면 내동길 28-1 (증산리),여름,kNCoFlgW-dk686cd2cc,274
최병현(박사농장),사과적과작업(사과),총 3명 / 남 : 0명 / 여 : 3명,"남 120,000 원 / 여 120,000 원",2025-07-08 ~ 2025-07-08,1,08:00 ~ 17:00,"120,000원","120,000원","120,000원",13333원,"[55645] 전북특별자치도 장수군 장수읍 대성리 164 장수읍 대성리569-31, 대성리274, 구평길97 (선별장)",여름,DvmPQ2ZTpMQ686cc780,14467
변명록농가,콩 심기(콩),총 3명 / 남 : 0명 / 여 : 3명,"남 0 원 / 여 130,000 원",2025-07-08 ~ 2025-07-08,1,08:00 ~ 17:00,0원,"130,000원","130,000원",14444원,"[56335] 전북특별자치도 부안군 상서면 지석안길 23-37 (용서리, 만적사) (1540810)",여름,f--cKxjGYtq686c9de1,7240
최영식 농가,고추(고추),총 3명 / 남 : 0명 / 여 : 3명,"남 0 원 / 여 120,000 원",2025-07-08 ~ 2025-07-08,1,08:00 ~ 17:00,0원,"120,000원","120,000원",13333원,[56325] 전북특별자치도 부안군 줄포면 후촌길 44 (줄포리),여름,au5nH61rmHm686c9503,660
김창호농가,수확(블루베리),총 3명 / 남 : 3명 / 여 : 0명,"남 130,000 원 / 여 0 원",2025-07-08 ~ 2025-07-08,1,08:00 ~ 17:00,"130,000원",0원,"130,000원",14444원,[56335] 전북특별자치도 부안군 상서면 지석안길 7-12 (용서리) 1496011,여름,34lBp_y2mzQ686c6b9a,714
송은주 농가,수확(고추),총 1명 / 남 : 0명 / 여 : 1명,"남 0 원 / 여 90,000 원",2025-07-08 ~ 2025-07-08,1,08:00 ~ 17:00,0원,"90,000원","90,000원",10000원,[56310] 전북특별자치도 부안군 부안읍 서문로 2-1 (서외리),여름,BBIewhM1HSl686c6b18,719
김옥봉 농가,"물주기, 수확(고추)",총 1명 / 남 : 0명 / 여 : 1명,"남 0 원 / 여 90,000 원",2025-07-08 ~ 2025-07-08,1,08:00 ~ 17:00,0원,"90,000원","90,000원",10000원,[56324] 전북특별자치도 부안군 줄포면,여름,tt6EYXyl4RD686c635c,650
김성진 농가,재배(콩),총 4명 / 남 : 4명 / 여 : 0명,"남 130,000 원 / 여 120,000 원",2025-07-08 ~ 2025-07-08,1,08:00 ~ 17:00,"130,000원","120,000원","125,000원",13888원,[56330] 전북특별자치도 부안군 보안면 우동길 47-38 (우동리) 1540721,여름,XSTQIspcjq1686c62f9,386
김성숙 농가,조경수 밭매기(조경수),총 3명 / 남 : 0명 / 여 : 3명,"남 0 원 / 여 100,000 원",2025-07-08 ~ 2025-07-09,2,08:00 ~ 17:00,0원,"100,000원","100,000원",11111원,[55451] 전북특별자치도 진안군 마령면 계서리 555-2,여름,vALZVjs1ig-686c5f6e,422
오재동 농가,순집기(수박),총 5명 / 남 : 0명 / 여 : 5명,"남 0 원 / 여 90,000 원",2025-07-08 ~ 2025-07-08,1,08:00 ~ 17:00,0원,"90,000원","90,000원",10000원,[56456] 전북특별자치도 고창군 무장면 강남덕산길 10 (강남리),여름,b8VJXtQidBD686bdc3b,365
박영이 농장,"배 봉지 싸기 등(배, 참깨)",총 1명 / 남 : 0명 / 여 : 1명,"남 0 원 / 여 110,000 원",2025-07-08 ~ 2025-07-09,2,07:00 ~ 17:00,0원,"110,000원","110,000원",11000원,[55905] 전북특별자치도 임실군 운암면 사양리 238-2,여름,WIYKzooHmZT686b8e00,134
이희용 농가(조경수),"나무 식재, 채취(조경수)",총 5명 / 남 : 1명 / 여 : 4명,"남 120,000 원 / 여 100,000 원",2025-07-08 ~ 2025-07-08,1,08:00 ~ 17:00,"120,000원","100,000원","110,000원",12222원,[55350] 완주군 용진읍 양전지동길 117-5 (운곡리),여름,vEewQoBc7BY686b8cd1,202
백양주 농가,작업(모),총 1명 / 남 : 0명 / 여 : 1명,남 0 원 / 여 0 원,2025-07-08 ~ 2025-07-08,1,08:00 ~ 17:00,0원,0원,0원,계산불가,[56419] 전북특별자치도 고창군 성내면 도덕길 52-3 (덕산리),여름,JiRpiQf6V7b686b86c2,218
백창수농가,순집기기(수박),총 4명 / 남 : 0명 / 여 : 4명,"남 0 원 / 여 90,000 원",2025-07-08 ~ 2025-07-08,1,08:00 ~ 17:00,0원,"90,000원","90,000원",10000원,[56419] 전북 고창군 성내면 부덕길 76-8 (부덕리),여름,bafIx_Bsjcf686b86aa,831
경태호농가,상추작업(상추),총 3명 / 남 : 0명 / 여 : 3명,"남 100,000 원 / 여 100,000 원",2025-07-08 ~ 2025-07-09,2,08:00 ~ 17:00,"100,000원","100,000원","100,000원",11111원,[55460] 전북특별자치도 진안군 성수면 가외반로 174 (좌산리),여름,vVlCthXRUbw686b8552,555
유상근,수확(블루베리),총 6명 / 남 : 1명 / 여 : 5명,"남 120,000 원 / 여 100,000 원",2025-07-08 ~ 2025-07-11,4,08:00 ~ 17:00,"120,000원","100,000원","110,000원",12222원,부남면 부남로 216-41,여름,BFDnsJU5u4Y686b7a11,1468
이대옥,수확(블루베리),총 5명 / 남 : 0명 / 여 : 5명,"남 0 원 / 여 100,000 원",2025-07-08 ~ 2025-07-11,4,08:00 ~ 17:00,0원,"100,000원","100,000원",11111원,무주읍 오산리 24-1,여름,4CUD-S4aesT686b77e4,5775
유종희 농가(조경수),"풀매기 , 나무 심기(조경수)",총 2명 / 남 : 0명 / 여 : 2명,"남 0 원 / 여 100,000 원",2025-07-08 ~ 2025-07-12,5,06:00 ~ 17:00,0원,"100,000원","100,000원",9090원,[55355] 완주군 소양면 명덕리 1139-3 (실주소지:소양면 명덕리 1140),여름,s4UqTpjwmvL686b6728,478
황평주(황평주농장),복분자 전지(복분자),총 8명 / 남 : 0명 / 여 : 8명,"남 0 원 / 여 100,000 원",2025-07-08 ~ 2025-07-08,1,08:00 ~ 17:00,0원,"100,000원","100,000원",11111원,[55638] 전북특별자치도 장수군 장수읍 두산리 705-10,여름,mZv9-T0xGxK686b6017,10284
임혜미 농가,수확 및 상차(복숭아),총 3명 / 남 : 0명 / 여 : 3명,"남 0 원 / 여 110,000 원",2025-07-08 ~ 2025-07-13,6,07:00 ~ 16:00,0원,"110,000원","110,000원",12222원,[55944] 전북특별자치도 임실군 삼계면 오지리 77,여름,krGRZ9V4wzG686b508a,724
최진수 농장,"복숭아 수확, 선별, 상차 등(복숭아)",총 4명 / 남 : 1명 / 여 : 3명,"남 110,000 원 / 여 110,000 원",2025-07-08 ~ 2025-07-10,3,07:00 ~ 16:00,"110,000원","110,000원","110,000원",12222원,[55944] 전북특별자치도 임실군 삼계면 오지리 59-1,여름,fzTV3FyFV3F686b4f73,1917
황철연 농장,"애호박 재배(상추, 포도, 애호박)",총 1명 / 남 : 0명 / 여 : 1명,"남 0 원 / 여 110,000 원",2025-07-08 ~ 2025-07-14,7,08:00 ~ 17:00,0원,"110,000원","110,000원",12222원,[55912] 전북특별자치도 임실군 신평면 덕암1길 46 (덕암리),여름,XK5Z92Lx7HR686b4381,627
유창구 농장,옥수수 수확(옥수수),총 5명 / 남 : 3명 / 여 : 2명,"남 100,000 원 / 여 100,000 원",2025-07-08 ~ 2025-07-08,1,07:00 ~ 16:00,"100,000원","100,000원","100,000원",11111원,[55903] 전북특별자치도 임실군 신덕면 신흥2길 12 (신흥리),여름,g1IOh1hYF4x686b3f5b,2036
유인옥 농가(조경수),묘목 밭 매기(조경수),총 4명 / 남 : 0명 / 여 : 4명,"남 0 원 / 여 100,000 원",2025-07-08 ~ 2025-07-09,2,06:30 ~ 17:00,0원,"100,000원","100,000원",9523원,[55355] 완주군 소양면 명덕리 1138-3 (실주소지: 소양면 명덕리 1137-1),여름,HkNe2rRFFNv686b2a49,3916
최봉진(봉진농장),"오이 수확 및 포장(사과, 호박, 브로콜리, 오이)",총 1명 / 남 : 0명 / 여 : 1명,"남 110,000 원 / 여 110,000 원",2025-07-08 ~ 2025-07-14,7,08:00 ~ 17:00,"110,000원","110,000원","110,000원",12222원,[55642] 전북특별자치도 장수군 장수읍 안양1길 11 (집) 장수읍 용계리 1509,여름,6gg7GeXIrc-686b165e,5031
이영숙(한표농장),적과작업(사과),총 6명 / 남 : 3명 / 여 : 3명,"남 100,000 원 / 여 100,000 원",2025-07-08 ~ 2025-07-14,7,08:00 ~ 17:00,"100,000원","100,000원","100,000원",11111원,[55607] 전북특별자치도 장수군 천천면 송탄4길 14-2 (집) 천천면 장판리 292-2,여름,2fzXLF1TL4O686b136d,25790
김석 농가(두릅농장),풀매기(두릅),총 5명 / 남 : 1명 / 여 : 4명,"남 110,000 원 / 여 100,000 원",2025-07-08 ~ 2025-07-08,1,07:00 ~ 17:00,"110,000원","100,000원","105,000원",10500원,[55305] 완주군 화산면 대치로 624-27 (우월리) (구이농장) 구이면 계곡리 174-8,여름,lwOKHfLrO2N686b132a,1494
우현근,가지 유인작업(복분자),총 1명 / 남 : 0명 / 여 : 1명,"남 0 원 / 여 100,000 원",2025-07-08 ~ 2025-07-10,3,08:00 ~ 17:00,0원,"100,000원","100,000원",11111원,적상면 삼유리 1882-2,여름,#NAME?,1055
정승환 농가(조경수),조경수 풀매기(조경수),총 6명 / 남 : 0명 / 여 : 6명,"남 0 원 / 여 100,000 원",2025-07-08 ~ 2025-07-09,2,08:00 ~ 17:00,0원,"100,000원","100,000원",11111원,[55357] 완주군 소양면 신교안길 18-3 (신교리) 원신교,여름,GE4-KuAj8O9686a0b35,334
이방진 농가,"순치기, 제초(사과, 고추)",총 3명 / 남 : 1명 / 여 : 2명,"남 110,000 원 / 여 110,000 원",2025-07-08 ~ 2025-07-13,6,08:00 ~ 17:00,"110,000원","110,000원","110,000원",12222원,[55907] 전북특별자치도 임실군 관촌면 신전3길 41 (신전리),여름,JSXj4QtuPny686a03ea,441
윤성순 농가,"제초(고추,율무,참깨,콩)",총 2명 / 남 : 1명 / 여 : 1명,"남 120,000 원 / 여 120,000 원",2025-07-08 ~ 2025-07-13,6,08:00 ~ 17:00,"120,000원","120,000원","120,000원",13333원,[55911] 전북특별자치도 임실군 신평면 가덕3길 3-8 (가덕리),여름,JeNFDfKe4H6686a0388,351
심형순 농장,블루베리 수확 및 포장(블루베리),총 2명 / 남 : 0명 / 여 : 2명,"남 0 원 / 여 100,000 원",2025-07-08 ~ 2025-07-09,2,05:00 ~ 14:00,0원,"100,000원","100,000원",11111원,[55919] 전북특별자치도 임실군 성수면 월평서길 25 (월평리),여름,XU0utYqjhcp6869fa67,1137
전삼례 농가,콩 심기(콩),총 4명 / 남 : 4명 / 여 : 0명,"남 140,000 원 / 여 0 원",2025-07-07 ~ 2025-07-08,2,08:00 ~ 17:00,"140,000원",0원,"140,000원",15555원,[56317] 전북특별자치도 부안군 부안읍 모산길 41 (모산리) 2550612,여름,yKLGDQolGWp686b92d1,436
백조근농가,콩 심기(콩),총 3명 / 남 : 3명 / 여 : 0명,"남 140,000 원 / 여 0 원",2025-07-07 ~ 2025-07-08,2,08:00 ~ 17:00,"140,000원",0원,"140,000원",15555원,[56333] 전북특별자치도 부안군 하서면 신지길 12-47 (언독리),여름,G_UjSO0oF_H686b9272,659
이일영 농가,콩 심기(콩),총 4명 / 남 : 0명 / 여 : 4명,"남 0 원 / 여 130,000 원",2025-07-07 ~ 2025-07-07,1,08:00 ~ 17:00,0원,"130,000원","130,000원",14444원,[56327] 전북특별자치도 부안군 주산면 갈촌로 44-21 (갈촌리),여름,f86YUuTFvuQ686b8dbc,2950
이명숙 농가(딸기농장),"하우스 관리(토마토, 딸기)",총 2명 / 남 : 1명 / 여 : 1명,"남 120,000 원 / 여 100,000 원",2025-07-07 ~ 2025-07-07,1,07:00 ~ 17:00,"120,000원","100,000원","110,000원",11000원,[55335] 완주군 삼례읍 만경강로 17-5 (하리),여름,VquwXD2Xk6S686b8525,1838
최경아 농가(조움농산),"잡초제거 및 하우스 정리(호박, 보리)",총 1명 / 남 : 1명 / 여 : 0명,"남 100,000 원 / 여 0 원",2025-07-07 ~ 2025-07-10,4,08:00 ~ 17:00,"100,000원",0원,"100,000원",11111원,[55346] 완주군 소양면 곰티로 21 (화심리) (작업장) 조움농산 송광수만로 227-1,여름,GpmrOWm9dVy686b7cf5,2130
송창숙 농가(양파농장),"풀매기(고추, 마늘, 양파)",총 2명 / 남 : 2명 / 여 : 0명,"남 100,000 원 / 여 100,000 원",2025-07-07 ~ 2025-07-08,2,07:00 ~ 17:00,"100,000원","100,000원","100,000원",10000원,[55350] 완주군 용진읍 신지송광로 183 (운곡리),여름,SV01wJ8XfSX686b546f,274
김영대 농가(샘물농장),"깻잎 수확,포장(깻잎)",총 3명 / 남 : 1명 / 여 : 2명,"남 90,000 원 / 여 90,000 원",2025-07-07 ~ 2025-07-08,2,05:00 ~ 14:00,"90,000원","90,000원","90,000원",10000원,[55312] 완주군 고산면 남봉신기길 110 (남봉리),여름,c1_Z6SFUBBm686b35cc,1560
장현하 농가,"재배, 수확(콩, 취나물, 감자, 마늘, 양파)",총 1명 / 남 : 0명 / 여 : 1명,"남 100,000 원 / 여 90,000 원",2025-07-07 ~ 2025-07-10,4,08:00 ~ 17:00,"100,000원","90,000원","95,000원",10555원,"[56315] 전북특별자치도 부안군 부안읍 진성길 9 (봉덕리, 부안진성아파트 2단지)",여름,Dy0GIIJisv9686b20fc,1889
김창호농가,수확(블루베리),총 1명 / 남 : 1명 / 여 : 0명,"남 130,000 원 / 여 0 원",2025-07-07 ~ 2025-07-07,1,08:00 ~ 17:00,"130,000원",0원,"130,000원",14444원,[56335] 전북특별자치도 부안군 상서면 지석안길 7-12 (용서리) 1496011,여름,W7BccjGWTgs686b1b47,714
송기수 농가,축사 관리(소),총 1명 / 남 : 0명 / 여 : 1명,"남 0 원 / 여 120,000 원",2025-07-07 ~ 2025-07-09,3,08:00 ~ 17:00,0원,"120,000원","120,000원",13333원,[56335] 전북특별자치도 부안군 상서면 부안로 2203-26 (고잔리),여름,pCZwP1THhzP686b1ad9,3340
이경준농가,마늘캐기(마늘),총 7명 / 남 : 0명 / 여 : 7명,"남 0 원 / 여 130,000 원",2025-07-07 ~ 2025-07-07,1,08:00 ~ 17:00,0원,"130,000원","130,000원",14444원,[56324] 전북특별자치도 부안군 줄포면 목상길 22-4 (난산리) (1541316),여름,uGTJ9ONOgpN686b1810,529
박원식 농가,"소여물주기, 축사정돈(축사)",총 1명 / 남 : 0명 / 여 : 1명,"남 0 원 / 여 100,000 원",2025-07-07 ~ 2025-07-09,3,08:00 ~ 17:00,0원,"100,000원","100,000원",11111원,[56336] 전북특별자치도 부안군 상서면 회시길 47-36 (감교리),여름,2Mia43wD9Hx686b17c7,290
이순오 농가(축산농장),사료공급 및 배설물 청소 축사 관리(한우),총 1명 / 남 : 1명 / 여 : 0명,"남 110,000 원 / 여 0 원",2025-07-07 ~ 2025-07-09,3,08:00 ~ 18:00,"110,000원",0원,"110,000원",11000원,[55336] 완주군 삼례읍 해전1길 128-12 (해전리),여름,rdQ8nMjrP45686b1606,2213
전형섭 농가(반석농장),화훼 하우스 관리(원예),총 2명 / 남 : 0명 / 여 : 2명,"남 0 원 / 여 90,000 원",2025-07-07 ~ 2025-07-09,3,08:00 ~ 18:00,0원,"90,000원","90,000원",9000원,"[55333] 완주군 삼례읍 신금리 212-11 212-5, (농장) 석전리 309-1 (화원)삼례나들목로268",여름,C9cILTGlAW4686b14f5,8010
최귀환 농가(삼일농원),하우스 관리(철쭉),총 6명 / 남 : 0명 / 여 : 6명,"남 180,000 원 / 여 100,000 원",2025-07-07 ~ 2025-07-07,1,07:00 ~ 17:00,"180,000원","100,000원","140,000원",14000원,"[55352] 완주군 용진읍 운곡4로 20 (운곡리, 모아미래도 센트럴시티 1차 아파트) 107동 703호 / (농장)봉동읍 성덕리 1174-2",여름,7g5W5Zz5vn7686b1147,651
변영기농가,복분자 전지작업(복분자),총 2명 / 남 : 0명 / 여 : 2명,"남 0 원 / 여 100,000 원",2025-07-07 ~ 2025-07-08,2,08:00 ~ 17:00,0원,"100,000원","100,000원",11111원,[55450] 전북특별자치도 진안군 마령면 진무로 152-17 (동촌리),여름,_6pBKJSYrhi686b0f8a,8973
"강경화(블루베리,토마토농장)","블루베리 수확, 선별(블루베리,무화과)",총 1명 / 남 : 0명 / 여 : 1명,"남 0 원 / 여 110,000 원",2025-07-07 ~ 2025-07-09,3,07:00 ~ 17:00,0원,"110,000원","110,000원",11000원,[00000] 완주군 고산면 삼기리 714번지,여름,NEIdIc9iDZ6686b0f48,3725
김경복농가,상추 수확(상추),총 1명 / 남 : 0명 / 여 : 1명,"남 0 원 / 여 100,000 원",2025-07-07 ~ 2025-07-08,2,07:00 ~ 15:00,0원,"100,000원","100,000원",12500원,[55440] 전북특별자치도 진안군 부귀면 신정리 294-1 진안읍 연장리 988,여름,80RR7IxkLMo686b0f14,6919
김인숙 농가,블루베리 수확(블루베리),총 3명 / 남 : 0명 / 여 : 3명,"남 0 원 / 여 100,000 원",2025-07-07 ~ 2025-07-07,1,08:00 ~ 17:00,0원,"100,000원","100,000원",11111원,[55412] 전북특별자치도 진안군 상전면 원가막길 31-9 (주평리),여름,VlOSxkl-V5r686b0ea8,2620
김귀연 농가(옥성농원),조경수 하우스 작업(조경수),총 10명 / 남 : 1명 / 여 : 9명,"남 150,000 원 / 여 100,000 원",2025-07-07 ~ 2025-07-09,3,08:00 ~ 17:00,"150,000원","100,000원","125,000원",13888원,완주군 삼례읍 삼례나들목로 142-73,여름,mKjBPtNkQDJ686b0e18,519
강춘자 농가(영원농원),밭매기(철쭉),총 1명 / 남 : 0명 / 여 : 1명,"남 0 원 / 여 120,000 원",2025-07-07 ~ 2025-07-07,1,08:00 ~ 18:00,0원,"120,000원","120,000원",12000원,[55362] 완주군 구이면 항가리 499 실주소 : 구이면 항가리 565-1 / 566,여름,2Szy5sESPfS686b0def,3673
이희용 농가(조경수),"나무 식재, 채취(조경수)",총 5명 / 남 : 1명 / 여 : 4명,"남 120,000 원 / 여 100,000 원",2025-07-07 ~ 2025-07-07,1,08:00 ~ 17:00,"120,000원","100,000원","110,000원",12222원,[55350] 완주군 용진읍 양전지동길 117-5 (운곡리),여름,xeL1IdGBQqe686b0d99,202
박규남 농가(조경수농장),육묘 하우스 관리(조경수),총 1명 / 남 : 1명 / 여 : 0명,"남 150,000 원 / 여 93,000 원",2025-07-07 ~ 2025-07-09,3,07:00 ~ 17:00,"150,000원","93,000원","121,500원",12150원,[55335] 완주군 삼례읍 석전리88-14 / 봉동읍 구암리 401-3 / 소양면 명덕리 736-1,여름,owte78nZUTK686b0cb7,6424
김숙자농가,가지치기 및 작업(블루베리),총 1명 / 남 : 1명 / 여 : 0명,"남 110,000 원 / 여 100,000 원",2025-07-07 ~ 2025-07-09,3,08:00 ~ 17:00,"110,000원","100,000원","105,000원",11666원,[56454] 전북 고창군 아산면 학전리 474,여름,0p5xeuXxweI686a8bdd,1963
최정진농장,수확(블루베리),총 2명 / 남 : 1명 / 여 : 1명,"남 120,000 원 / 여 110,000 원",2025-07-07 ~ 2025-07-09,3,08:00 ~ 17:00,"120,000원","110,000원","115,000원",12777원,[56410] 전북 고창군 상하면 하장1길 3 (하장리) 농장)상하면하장리1길3,여름,OQw14LrLta8686a8bbc,497
칠보단장(정영숙),수확 및 하우스 관리(블루베리),총 2명 / 남 : 1명 / 여 : 1명,남 0 원 / 여 0 원,2025-07-07 ~ 2025-07-09,3,08:00 ~ 17:00,0원,0원,0원,계산불가,[56410] 전북 고창군 상하면 회정길 61 (하장리),여름,Hdj6MnQbww5686a8ba3,555
최경해농장,출계관리 및 사육장 청소(양계),총 2명 / 남 : 2명 / 여 : 0명,남 0 원 / 여 0 원,2025-07-07 ~ 2025-07-09,3,08:00 ~ 17:00,0원,0원,0원,계산불가,"[56464] 전북 고창군 성송면 선량길 63-30 (향산리, 농장관리사)",여름,IqCZ1PjSXwl686a8b82,8651
이상기 농장,수확(옥수수),총 6명 / 남 : 2명 / 여 : 4명,"남 100,000 원 / 여 100,000 원",2025-07-07 ~ 2025-07-07,1,07:00 ~ 16:00,"100,000원","100,000원","100,000원",11111원,[55903] 전북특별자치도 임실군 신덕면 신덕4길 12-2 (신덕리),여름,VMANjNb_4Tx686a735b,179
"박상옥 농가(눈개승마,조경수농장)",잡초제거(눈개승마),총 3명 / 남 : 0명 / 여 : 3명,"남 100,000 원 / 여 100,000 원",2025-07-07 ~ 2025-07-07,1,07:00 ~ 17:00,"100,000원","100,000원","100,000원",10000원,[55302] 완주군 경천면 경천리 산 95-1,여름,nZOA4DXEsYk686a4761,84369
윤정구 농가(블루베리농장),"가지치기, 블루베리 수확(블루베리)",총 4명 / 남 : 0명 / 여 : 4명,"남 100,000 원 / 여 90,000 원",2025-07-07 ~ 2025-07-09,3,07:00 ~ 17:00,"100,000원","90,000원","95,000원",9500원,[55302] 완주군 경천면 죽림길 30-6 (경천리),여름,Wvkww7Ud3HP686a473e,649
서병인(하우스농장),"시금치,상추, 샐러리 수확 및 포장(시금치/상추/샐러리)",총 2명 / 남 : 0명 / 여 : 2명,"남 100,000 원 / 여 100,000 원",2025-07-07 ~ 2025-07-12,6,08:00 ~ 17:00,"100,000원","100,000원","100,000원",11111원,[55645] 전북특별자치도 장수군 장수읍 대성리 753-6,여름,oIQVZ6gjDEu686a33ee,8717
백만기 농장,"제초, 줄묶기(팥,고추)",총 2명 / 남 : 0명 / 여 : 2명,"남 0 원 / 여 110,000 원",2025-07-07 ~ 2025-07-08,2,07:00 ~ 16:00,0원,"110,000원","110,000원",12222원,[55907] 전북특별자치도 임실군 관촌면 상월리 산108-1,여름,PHrwqHA4741686a3336,102248
"최성규 농가(대파,조경수)",대파밭 작업(대파),총 4명 / 남 : 0명 / 여 : 4명,"남 0 원 / 여 90,000 원",2025-07-07 ~ 2025-07-07,1,07:00 ~ 17:00,0원,"90,000원","90,000원",9000원,"[55352] 완주군 용진읍 운곡리 490 (실 농장주소 : 용진읍 운곡리 492, 덕암경로당 옆)",여름,40PC_WoZPrX686a0bac,2825
유병식 농가(블루베리농장),블루베리 수확(블루베리),총 4명 / 남 : 0명 / 여 : 4명,"남 0 원 / 여 100,000 원",2025-07-07 ~ 2025-07-11,5,07:00 ~ 17:00,0원,"100,000원","100,000원",10000원,[55300] 완주군 운주면 운주로 231-29 (완창리),여름,cRWXpVTrFR9686a0b83,2814
김철호 농가(완주농원),묘목 채우기(조경수),총 8명 / 남 : 2명 / 여 : 6명,"남 150,000 원 / 여 100,000 원",2025-07-07 ~ 2025-07-10,4,07:00 ~ 17:00,"150,000원","100,000원","125,000원",12500원,"[55361] 완주군 구이면 난산평촌로 36-28 (광곡리, 광곡리마을회관) 실주소 : 구이면 광곡리 620-1",여름,9grkp97yEce686a0b6b,271
김형구 농가(조경수),"밭매기(노랑말채나무, 흰말채나무)",총 3명 / 남 : 0명 / 여 : 3명,"남 0 원 / 여 90,000 원",2025-07-07 ~ 2025-07-09,3,07:00 ~ 17:00,0원,"90,000원","90,000원",9000원,[55346] 완주군 소양면 곰티로 178 (신촌리) (작업지) 따로 있음,여름,JWvDbuGGYKi686a0b49,465
정기준 농가(정가네농원),밭매기(조경수),총 5명 / 남 : 0명 / 여 : 5명,"남 0 원 / 여 100,000 원",2025-07-07 ~ 2025-07-09,3,08:00 ~ 17:00,0원,"100,000원","100,000원",11111원,[55357] 전북특별자치도 완주군 소양면 신교응암길 31 (신교리),여름,8aTIUd3AEnA686a0ae1,1840
김진성 농가(조경수),조경수 밭매기(조경수),총 6명 / 남 : 0명 / 여 : 6명,"남 100,000 원 / 여 100,000 원",2025-07-07 ~ 2025-07-09,3,07:00 ~ 17:00,"100,000원","100,000원","100,000원",10000원,[55346] 완주군 소양면 신원상리길 12-6 (신원리),여름,Nhs7wSQAa7l686a0ad1,621
정성모 농가(블루베리),"마늘 밭 관리(마늘, 블루베리, 감자)",총 8명 / 남 : 3명 / 여 : 5명,"남 100,000 원 / 여 100,000 원",2025-07-07 ~ 2025-07-09,3,07:00 ~ 17:00,"100,000원","100,000원","100,000원",10000원,[55363] 완주군 구이면 계곡리 629-1,여름,dxFZoU7yCoi686a0a98,869
곽이운 농장,"고추 줄 묶기, 참깨줄묶기(고추, 참깨)",총 1명 / 남 : 1명 / 여 : 0명,"남 120,000 원 / 여 120,000 원",2025-07-07 ~ 2025-07-11,5,08:00 ~ 17:00,"120,000원","120,000원","120,000원",13333원,[55911] 전북특별자치도 임실군 신평면 가덕리 121,여름,9sts4dloGGP686a034e,717
박철순 농장,고추수확(고추),총 3명 / 남 : 0명 / 여 : 3명,"남 0 원 / 여 110,000 원",2025-07-07 ~ 2025-07-08,2,07:00 ~ 16:00,0원,"110,000원","110,000원",12222원,[55942] 전북특별자치도 임실군 덕치면 사곡리988-4,여름,0UfS1gjKSDl6869fc50,573
김흥중 농장,"조경수 예초기 작업, 고추 순따기, 상추수확 등(조경수, 고추,상추)",총 5명 / 남 : 3명 / 여 : 2명,"남 150,000 원 / 여 120,000 원",2025-07-07 ~ 2025-07-08,2,06:00 ~ 15:00,"150,000원","120,000원","135,000원",15000원,[55905] 전북특별자치도 임실군 운암면 지천리 530,여름,KLXrxQMM93q6869f79c,21898
전혜자 농장,상추 수확 및 상차(상추),총 2명 / 남 : 1명 / 여 : 1명,"남 110,000 원 / 여 110,000 원",2025-07-07 ~ 2025-07-10,4,06:00 ~ 15:00,"110,000원","110,000원","110,000원",12222원,[55919] 전북특별자치도 임실군 성수면 오류리 419-4,여름,uM9U64Wpxtt6869f6e5,2496
하재국 농장,수확 및 상차(복숭아),총 2명 / 남 : 1명 / 여 : 1명,"남 110,000 원 / 여 110,000 원",2025-07-07 ~ 2025-07-09,3,05:00 ~ 15:00,"110,000원","110,000원","110,000원",11000원,[55948] 전북특별자치도 임실군 오수면 봉천리 741-3,여름,k35cgVYdh0i6869f616,1969
김동현 농장,부추수확(부추),총 5명 / 남 : 0명 / 여 : 5명,"남 0 원 / 여 80,000 원",2025-07-07 ~ 2025-07-08,2,06:00 ~ 15:00,0원,"80,000원","80,000원",8888원,[55921] 전북특별자치도 임실군 지사면 원산리 655,여름,P0PQhfkz7_g6869f56a,2588
최옥란 농가(조경수),풀매기 및 꽃나무 심기(조경수),총 3명 / 남 : 0명 / 여 : 3명,"남 0 원 / 여 100,000 원",2025-07-07 ~ 2025-07-09,3,07:00 ~ 17:30,0원,"100,000원","100,000원",9523원,[55346] 완주군 소양면 곰티로 21 (화심리) (화심리 동상로 31-9),여름,m96O6rZ9Jgh6869a444,2155
이옥자,유인작업(복분자),총 1명 / 남 : 1명 / 여 : 0명,"남 120,000 원 / 여 0 원",2025-07-07 ~ 2025-07-10,4,08:00 ~ 17:00,"120,000원",0원,"120,000원",13333원,적상면 삼유리 1952-2,여름,hN9YjS-12Tl6868ac35,1717
"임오순 농가(무, 당근 농장)","당근 수확 및 나르기(양파, 당근)",총 2명 / 남 : 0명 / 여 : 2명,"남 150,000 원 / 여 100,000 원",2025-07-07 ~ 2025-07-09,3,07:00 ~ 17:00,"150,000원","100,000원","125,000원",12500원,완주군 봉동읍 낙평남북로23(농장주소: 낙평리 655-1),여름,xDGfTm_ckZC68678684,5207
노석호 농장,"상추수확, 복숭아 수확 및 선별 등(상추, 복숭아)",총 1명 / 남 : 0명 / 여 : 1명,"남 0 원 / 여 110,000 원",2025-07-07 ~ 2025-07-08,2,07:00 ~ 16:00,0원,"110,000원","110,000원",12222원,[55949] 전북특별자치도 임실군 오수면 오암1길 87 (오암리),여름,kUq5PSj18N76867681f,370
김영길5560,밭풀메기(복분자),총 3명 / 남 : 0명 / 여 : 3명,"남 0 원 / 여 100,000 원",2025-07-07 ~ 2025-07-08,2,08:00 ~ 17:00,0원,"100,000원","100,000원",11111원,적상면 사산리 1149-3,여름,CD7oMlEKpEq686752f5,1173
정용주 농가(조경수),나무 심기(조경수),총 4명 / 남 : 0명 / 여 : 4명,"남 0 원 / 여 90,000 원",2025-07-07 ~ 2025-07-12,6,08:00 ~ 17:00,0원,"90,000원","90,000원",10000원,[55346] 완주군 소양면 화심리 111-1,여름,5SB5Q9StluM68661fef,611
배선례,수확(블루베리),총 8명 / 남 : 1명 / 여 : 7명,"남 100,000 원 / 여 100,000 원",2025-07-07 ~ 2025-07-10,4,08:00 ~ 17:00,"100,000원","100,000원","100,000원",11111원,"무주읍 읍내리 785, 대차리 26-2",여름,pN0PyXXpmBp6864df40,2786
박원식 농가,"소여물주기, 축사정돈(축사)",총 1명 / 남 : 0명 / 여 : 1명,"남 0 원 / 여 100,000 원",2025-07-06 ~ 2025-07-06,1,08:00 ~ 17:00,0원,"100,000원","100,000원",11111원,[56336] 전북특별자치도 부안군 상서면 회시길 47-36 (감교리),여름,YnlvdeaGgd7686b10ca,290
김성수 농가,양파 선별(양파),총 3명 / 남 : 0명 / 여 : 3명,"남 0 원 / 여 130,000 원",2025-07-06 ~ 2025-07-06,1,08:00 ~ 17:00,0원,"130,000원","130,000원",14444원,[56336] 전북특별자치도 부안군 상서면 감교리 845-115,여름,sfFUw1X3rxC686a84a3,649
김동현 농장,부추수확(부추),총 5명 / 남 : 0명 / 여 : 5명,"남 0 원 / 여 80,000 원",2025-07-06 ~ 2025-07-06,1,07:00 ~ 16:00,0원,"80,000원","80,000원",8888원,[55948] 전북특별자치도 임실군 오수면 군평리 845-3,여름,xCeFy_SLZmX68691096,2926
송금순농가,복분자수확(복분자),총 9명 / 남 : 0명 / 여 : 9명,"남 0 원 / 여 110,000 원",2025-07-06 ~ 2025-07-07,2,08:00 ~ 17:00,0원,"110,000원","110,000원",12222원,[55400] 전북특별자치도 진안군 주천면 대불리 1417-1,여름,q1PAakDBZSW68673c73,2305
김화자 농가,수박 올리기(수박),총 3명 / 남 : 0명 / 여 : 3명,"남 0 원 / 여 100,000 원",2025-07-06 ~ 2025-07-07,2,08:00 ~ 17:00,0원,"100,000원","100,000원",11111원,[55421] 전북특별자치도 진안군 진안읍 구룡리 374-2,여름,8Yxoe3MzymL6860be63,1240
이경준농가,마늘캐기(마늘),총 9명 / 남 : 0명 / 여 : 9명,"남 0 원 / 여 130,000 원",2025-07-05 ~ 2025-07-05,1,08:00 ~ 17:00,0원,"130,000원","130,000원",14444원,[56324] 전북특별자치도 부안군 줄포면 목상길 22-4 (난산리) (1541316),여름,WW2Zz4GW8l0686b100c,529